FL1.LOG	FL2.LOG	FL4.LOG
171	283	184
294	462	71
127	370	367
145	443	264
429	202	436
195	380	253
235	391	215
219	310	60
241	361	339
71	410	260
182	470	236
246	443	218
3	400	139
122	400	225
481	170	527
50	369	80
93	367	206
165	458	136
179	389	134
547	48	450
133	356	233
184	417	120
211	9	70
147	407	341
15	360	230
260	398	258
176	372	159
252	498	189
113	216	209
221	457	253
23	32	144
163	401	216
97	305	195
182	307	200
179	362	163
4	374	89
161	312	76
201	454	117
121	412	275
120	449	143
192	449	130
175	346	304
27	301	241
235	579	300
346	44	490
186	488	252
277	489	55
234	447	247
183	474	179
243	335	204
243	414	172
163	441	203
105	390	178
236	435	138
251	530	239
228	554	302
129	406	119
237	537	92
67	446	190
207	432	279
202	321	306
227	329	310
416	75	389
71	332	289
319	558	248
195	344	250
422	23	539
180	246	222
228	413	338
107	311	5
314	256	224
219	147	215
236	477	227
169	362	218
53	317	268
177	465	298
224	420	72
138	294	153
192	335	163
216	424	255
271	397	296
90	400	175
248	423	240
211	454	319
286	383	193
36	311	104
111	227	228
238	462	184
212	287	290
154	288	102
367	41	495
175	344	103
218	243	232
90	341	170
203	447	304
108	460	193
238	445	306
186	428	12
224	355	274
207	439	144
126	389	208
215	331	256
53	246	250
49	521	326
246	451	53
182	304	176
124	315	242
242	426	266
206	483	176
150	418	61
199	396	141
429	80	386
419	199	454
334	96	367
136	357	295
239	324	97
207	271	227
182	378	196
188	479	75
226	455	21
278	414	330
211	161	203
156	313	174
92	164	277
113	398	303
238	402	209
206	343	231
137	481	202
527	79	475
154	209	125
214	490	190
223	444	237
240	325	185
239	457	294
247	415	84
23	361	63
495	108	479
526	44	508
254	253	262
83	327	119
106	298	206
220	203	78
255	473	212
98	430	79
191	430	124
170	507	134
288	470	306
272	412	312
207	543	140
125	445	204
119	147	259
253	496	30
111	435	44
189	379	287
268	427	88
262	552	166
121	392	182
300	411	238
186	419	239
197	411	209
256	312	226
165	360	14
16	523	73
214	502	144
221	365	285
194	455	101
231	393	243
281	447	239
106	382	90
214	396	219
52	299	224
239	445	166
263	453	270
567	209	502
180	232	216
60	453	293
172	345	239
93	383	303
213	449	180
103	217	217
162	327	105
215	400	221
101	369	180
319	412	56
217	424	207
327	504	132
166	482	173
80	387	293
255	433	195
53	376	72
244	480	123
151	308	274
244	511	238
87	192	311
246	253	67
212	365	67
381	298	299
240	482	16
249	412	153
166	401	222
171	375	267
245	333	171
235	484	251
152	453	257
184	431	292
215	390	97
58	97	66
168	370	196
162	440	160
109	380	243
118	454	191
143	361	284
214	444	171
137	416	288
240	423	293
484	98	437
412	124	314
241	545	213
136	282	186
224	500	322
229	332	58
289	286	301
259	542	256
154	347	258
229	426	232
164	242	259
191	360	242
370	386	304
220	291	185
185	463	205
80	421	380
209	420	229
527	74	502
74	384	272
203	404	255
253	510	129
273	443	155
320	483	289
225	411	190
148	462	326
208	485	270
42	342	309
385	415	263
149	489	127
154	424	206
256	409	316
243	584	125
134	343	168
300	375	329
244	411	195
239	464	253
157	311	141
123	459	28
272	319	252
236	438	207
112	379	125
139	408	128
177	429	160
164	346	129
165	394	214
228	359	140
283	478	232
170	388	195
196	520	281
183	496	116
172	139	253
111	482	87
181	354	157
134	297	361
245	86	210
233	286	58
486	36	520
165	342	315
317	464	243
137	462	142
217	379	26
229	399	130
105	504	216
279	327	200
145	473	134
154	345	250
70	441	199
223	344	286
222	376	238
55	452	248
47	276	258
107	382	170
48	277	107
72	400	252
223	412	302
232	485	142
144	302	214
246	252	272
493	254	574
174	424	131
111	347	183
189	446	278
265	374	266
51	396	268
174	420	168
146	172	84
43	453	20
425	121	410
37	523	44
236	420	274
46	197	250
220	290	228
162	500	204
177	401	89
162	216	172
48	345	220
474	228	419
35	137	474
210	382	315
63	369	280
203	443	232
556	218	476
184	357	177
255	453	160
139	439	41
259	456	321
172	492	273
255	331	196
167	417	271
134	393	252
190	277	253
165	409	248
100	458	256
62	482	162
184	298	234
50	195	271
164	429	153
228	467	282
181	338	126
179	437	236
159	348	253
308	338	170
232	433	348
255	359	268
282	428	304
587	180	423
245	505	224
168	594	63
189	317	153
214	457	257
252	424	212
161	426	35
104	264	180
200	255	337
302	498	289
14	355	130
305	132	306
212	412	161
215	477	78
193	476	149
66	455	91
61	402	174
32	451	230
139	367	144
238	277	307
105	404	82
194	241	17
168	387	150
264	403	275
173	297	108
148	480	92
261	554	216
243	269	120
194	442	300
65	370	224
352	445	103
58	365	205
156	377	334
220	241	154
171	294	280
239	300	264
264	445	252
197	391	153
376	233	253
215	428	319
157	400	192
238	326	152
222	432	333
244	401	286
371	313	286
267	342	108
261	292	178
236	419	5
163	310	243
176	367	86
516	158	391
205	324	307
260	440	250
206	305	126
101	344	275
173	401	103
229	442	59
169	456	320
19	448	168
184	232	237
263	297	232
232	428	204
159	314	127
137	489	96
256	487	217
246	358	98
422	148	252
180	342	89
214	312	248
58	364	320
151	441	130
215	469	212
84	328	298
233	422	225
49	282	132
256	300	183
264	555	244
23	328	304
112	472	72
274	169	262
578	202	479
4	288	218
456	232	444
461	118	420
133	395	207
395	23	453
75	405	116
105	391	167
180	376	30
170	430	60
245	490	176
239	443	246
160	176	205
223	508	292
75	492	313
286	16	236
239	192	83
171	130	195
201	329	183
220	246	262
261	447	234
105	362	225
245	239	340
200	209	216
239	370	120
135	357	215
539	150	488
42	239	181
241	388	264
116	337	234
167	367	232
184	389	296
274	411	288
10	458	182
192	404	290
214	336	265
272	336	165
204	302	297
164	310	116
225	574	195
262	433	236
446	85	441
174	311	303
56	261	31
96	302	155
252	502	145
236	438	250
187	344	254
204	337	217
75	512	83
286	374	205
530	138	497
151	429	14
117	376	321
212	474	260
165	352	167
193	350	261
209	357	79
121	206	333
178	398	211
259	400	250
234	443	111
144	313	222
132	437	316
53	379	182
527	65	507
174	310	164
197	202	199
560	34	549
186	474	132
567	97	414
274	561	97
241	520	158
122	542	255
240	298	282
156	270	106
189	353	180
52	427	323
217	323	309
181	323	94
66	375	252
196	351	92
216	267	272
105	306	95
127	431	85
259	483	231
188	429	216
504	163	493
204	353	304
62	424	265
111	317	115
187	395	181
167	478	139
173	450	183
197	331	130
46	348	143
175	393	178
233	511	273
111	267	209
14	280	210
29	482	171
171	390	322
510	391	511
81	465	349
154	168	142
220	338	294
171	356	263
280	384	248
36	435	191
149	365	133
232	398	134
65	437	245
194	263	172
368	104	257
117	459	236
178	372	193
545	149	418
201	373	205
212	381	22
103	275	96
150	416	33
6	423	177
130	209	142
148	357	277
106	379	243
312	458	273
200	288	250
176	401	171
231	380	319
103	439	185
246	306	163
250	512	117
125	277	227
117	371	3
212	445	132
152	310	172
284	496	168
41	403	263
220	392	65
122	311	208
71	323	274
211	404	264
117	384	300
145	434	338
323	544	147
244	374	227
271	465	67
294	408	312
212	371	333
131	311	218
188	445	258
178	432	319
212	349	179
113	208	293
216	368	89
192	409	184
158	422	206
110	323	128
261	401	294
151	339	214
185	367	260
161	392	153
222	263	271
109	323	10
158	272	133
142	418	80
248	203	261
97	408	179
157	326	217
137	325	233
517	412	505
629	179	408
202	309	304
256	425	322
196	219	244
10	352	168
73	305	233
181	191	310
176	451	275
548	268	422
166	312	199
246	350	194
191	318	284
113	347	229
127	263	81
194	433	186
303	424	135
240	385	216
257	375	216
76	441	269
151	254	82
222	288	199
132	334	191
361	466	222
162	319	135
28	252	73
232	564	300
411	345	430
5	359	180
200	330	133
144	360	155
86	420	231
202	289	115
205	275	130
144	464	295
207	468	164
268	459	105
133	169	69
331	508	320
198	375	280
80	358	44
37	367	201
171	304	257
445	114	410
232	343	139
90	422	21
132	390	149
210	511	130
493	61	424
393	122	438
225	415	176
209	395	229
203	433	150
157	283	170
121	363	195
265	366	215
101	543	168
112	449	20
36	329	196
195	393	254
139	282	211
13	243	208
169	453	240
68	438	251
14	391	271
257	498	275
282	515	290
151	425	146
151	304	163
68	368	91
76	326	81
251	453	121
205	462	114
107	369	240
200	450	201
228	401	199
255	344	30
153	270	184
235	349	14
168	234	284
49	296	222
206	260	15
137	452	333
107	459	244
65	380	113
502	409	457
139	197	245
184	275	102
115	373	277
226	372	223
209	517	81
222	415	82
200	534	206
193	472	126
256	547	99
454	370	554
127	473	256
252	379	114
197	311	172
122	461	215
145	381	103
99	353	133
109	439	184
192	339	136
221	488	143
238	385	75
194	334	253
57	391	192
212	349	224
218	300	183
202	443	202
254	404	224
268	434	269
199	435	87
221	210	238
123	338	189
243	354	242
68	410	214
65	306	125
222	461	190
258	314	211
179	309	147
106	282	215
213	443	197
166	107	220
246	396	152
131	521	266
147	348	218
114	353	259
187	447	142
188	356	146
485	171	513
165	301	189
167	262	196
167	143	143
288	445	326
205	314	176
295	157	88
506	391	467
168	401	271
117	381	14
221	459	227
228	373	280
279	493	255
206	332	185
115	311	198
101	416	110
97	402	296
262	405	215
137	387	171
236	448	200
111	412	179
157	450	227
54	354	213
229	356	33
82	380	14
154	392	229
217	248	294
284	519	164
236	505	234
127	206	304
145	338	215
268	440	180
62	332	17
115	367	144
227	510	220
197	406	247
253	490	273
156	401	256
182	358	134
253	511	265
219	364	213
200	407	190
244	408	263
125	454	67
211	402	203
177	428	56
205	394	161
163	441	139
216	209	266
216	396	281
24	409	160
230	374	289
199	335	252
215	380	269
127	363	158
129	191	230
230	363	24
73	406	219
149	481	103
571	245	425
205	347	236
211	356	283
157	415	207
97	470	218
177	338	243
38	377	197
192	439	43
51	376	145
206	486	249
140	457	274
224	235	131
100	386	303
195	272	146
232	481	160
275	314	213
175	443	66
158	397	272
57	397	128
482	170	528
75	355	284
147	467	200
173	440	287
209	509	17
134	338	285
247	478	221
60	519	279
137	488	214
261	352	86
99	209	223
585	100	500
163	248	316
209	377	273
228	402	233
182	332	285
67	285	225
299	302	198
210	567	216
70	365	236
224	497	207
160	420	206
267	474	160
214	146	310
278	269	266
199	388	242
216	518	68
71	411	181
122	323	354
115	285	183
253	262	135
215	465	282
167	385	167
188	380	199
225	414	265
180	197	17
16	420	216
530	7	469
201	420	122
118	354	109
268	324	241
198	393	218
180	252	223
5	427	160
64	396	49
219	374	122
158	493	255
166	414	151
104	256	116
278	372	257
215	190	107
204	343	258
142	461	114
223	328	261
146	359	87
392	80	451
191	459	312
199	367	162
226	538	179
97	467	113
159	310	320
55	412	162
33	309	313
26	338	253
207	115	246
450	3	471
45	338	250
103	377	150
234	353	118
208	432	246
260	450	212
137	443	223
178	405	5
196	372	215
197	453	216
257	498	114
173	422	226
568	128	447
243	518	258
129	357	172
219	505	188
141	334	362
184	312	23
237	412	55
200	412	290
489	117	411
102	236	78
223	197	217
172	437	63
250	426	267
129	278	265
239	460	77
180	343	208
91	357	226
160	486	101
294	325	168
172	351	143
207	353	182
158	322	271
61	353	341
218	454	288
236	324	266
112	465	248
163	404	85
303	331	181
263	376	184
196	498	106
121	452	59
15	283	128
330	248	343
100	298	233
156	335	201
205	386	67
2	283	41
217	253	280
197	447	172
196	225	205
255	220	212
209	482	102
240	339	75
131	548	27
231	459	257
225	487	250
277	459	256
121	413	80
185	412	186
190	410	155
23	557	189
170	318	89
223	488	68
117	361	55
174	393	253
121	300	175
276	404	214
69	75	235
191	265	205
178	370	278
46	477	230
237	314	64
352	271	234
223	451	220
118	274	175
187	368	243
187	447	199
210	431	307
49	470	265
234	383	150
186	419	204
183	399	293
226	487	74
255	318	172
192	188	277
499	139	460
237	371	172
275	410	243
526	38	479
216	324	211
243	390	226
130	354	255
207	393	84
200	487	127
93	308	87
232	454	215
201	301	158
160	365	277
270	477	240
201	418	30
206	379	288
255	394	39
138	135	24
174	370	138
133	357	281
141	416	108
24	377	4
178	348	184
269	452	195
529	146	400
56	397	157
221	424	284
120	364	260
152	366	110
297	374	249
118	432	123
398	115	426
38	427	161
154	440	33
272	336	36
123	364	70
199	467	72
421	77	512
32	400	234
204	266	255
182	361	151
115	152	151
132	506	190
222	436	209
132	451	23
164	401	94
153	394	127
261	338	253
39	338	100
186	432	83
214	449	150
151	396	290
166	294	42
219	328	273
169	300	274
222	416	186
209	378	298
186	377	307
370	383	298
60	413	302
219	338	273
277	371	193
174	462	230
271	300	336
130	365	148
236	399	175
209	406	100
142	384	216
105	381	233
117	328	276
6	339	186
164	424	236
217	442	56
170	283	127
223	441	116
36	246	161
75	391	128
28	376	229
512	229	366
157	462	141
165	328	267
214	199	148
235	313	271
221	374	119
85	380	164
176	183	283
211	282	307
496	209	468
224	318	183
210	390	272
250	294	350
269	394	249
154	506	294
238	159	286
111	310	211
106	348	167
162	200	213
217	300	291
297	386	257
190	342	198
124	408	199
181	344	177
47	432	40
211	220	208
156	334	314
123	299	40
52	461	205
14	390	44
186	367	125
120	333	312
183	453	20
209	464	277
317	538	340
163	336	211
69	355	231
207	398	265
264	337	291
181	448	101
301	428	265
77	415	193
229	505	79
570	204	601
95	254	283
173	510	237
95	335	225
220	287	135
53	401	141
148	495	166
225	397	360
466	165	322
262	512	68
242	350	222
223	372	56
93	452	76
211	366	159
273	501	141
167	364	266
43	454	225
175	406	294
233	574	228
268	486	322
189	400	284
222	491	153
47	456	223
143	319	313
204	421	196
199	213	285
245	495	139
191	412	43
563	143	482
199	429	218
245	333	248
87	374	317
197	373	295
155	302	253
306	497	268
228	189	219
213	358	305
223	329	190
74	248	239
210	328	290
170	522	92
248	367	240
199	394	241
5	386	210
64	347	235
255	439	225
91	425	141
120	392	41
268	485	251
286	489	190
162	351	135
112	435	165
181	337	313
165	380	33
515	380	504
254	383	310
560	181	508
210	388	46
655	247	227
28	243	97
292	456	281
160	473	209
171	307	225
119	416	122
308	547	142
285	522	169
247	473	164
211	337	305
178	498	199
278	399	331
138	33	248
181	148	133
242	350	207
188	331	105
182	272	159
253	452	305
238	401	12
165	436	349
200	291	254
251	330	252
42	485	231
56	344	141
566	70	405
289	497	133
70	396	276
58	399	296
61	357	219
232	482	155
103	288	217
139	452	157
245	61	315
245	470	270
64	297	153
245	496	317
223	407	240
161	544	251
208	276	224
499	93	494
180	1	291
515	143	432
504	73	425
162	370	81
211	478	80
199	443	60
509	201	449
172	386	204
290	287	39
236	438	349
187	287	262
206	373	294
169	329	330
584	135	433
189	545	119
240	381	100
270	234	232
121	292	174
244	444	203
179	373	236
38	32	320
219	407	178
219	368	151
188	282	187
103	339	260
133	396	137
345	333	363
50	306	209
216	356	220
235	310	35
166	279	327
302	225	267
247	466	32
246	290	194
142	491	208
185	323	248
42	469	263
23	401	213
271	449	227
106	444	251
68	324	120
236	438	280
259	373	80
61	232	321
462	226	512
274	262	261
240	415	161
159	375	228
211	448	259
73	342	193
88	417	36
66	351	65
220	415	262
228	365	222
36	485	209
194	428	190
265	447	25
160	396	252
149	273	161
111	446	141
241	491	113
176	361	158
100	440	37
243	276	333
433	98	370
165	312	286
222	358	81
179	352	152
456	78	496
191	428	215
246	324	212
46	306	150
163	432	234
75	369	141
152	397	83
162	502	213
149	326	219
117	444	262
61	470	261
252	358	301
263	355	198
83	373	165
229	400	124
54	455	81
177	515	248
188	426	185
240	293	104
328	278	350
227	253	195
261	422	232
107	372	180
135	394	104
206	420	267
191	327	221
136	347	183
123	263	297
156	467	208
66	357	148
232	622	272
146	284	248
194	434	275
198	309	155
248	316	215
494	48	463
441	527	445
124	447	212
506	170	505
182	375	72
240	435	118
274	433	313
272	200	301
126	377	279
116	363	256
139	323	216
162	161	208
250	260	173
253	488	225
113	397	214
201	498	203
200	235	157
200	202	202
208	240	79
182	410	6
63	113	138
210	255	156
78	517	187
109	356	241
181	321	192
226	247	238
169	433	1
225	403	210
155	317	216
233	230	174
277	553	276
71	40	244
189	337	36
155	324	64
249	461	243
77	427	92
42	501	291
92	297	199
192	325	318
210	321	90
169	320	233
189	434	223
199	411	218
214	401	262
195	352	320
243	268	237
419	209	483
222	379	116
334	468	270
243	382	164
105	413	157
180	359	108
107	404	286
136	325	279
183	263	264
255	299	265
187	357	224
295	478	218
245	326	136
176	356	161
181	435	167
253	348	175
176	490	179
79	462	286
204	327	134
22	459	87
83	454	256
15	92	12
160	345	245
174	444	277
266	396	141
205	439	297
143	523	307
441	76	429
80	371	100
189	484	137
280	398	263
204	360	276
242	252	137
162	450	162
196	399	256
226	469	227
265	512	293
179	437	264
172	156	225
185	278	298
17	348	72
117	331	282
31	348	150
206	314	258
185	384	192
144	342	163
134	486	171
51	198	191
177	448	147
127	344	6
138	415	113
180	364	110
189	338	275
125	380	203
193	124	258
157	470	295
154	246	206
150	542	152
193	349	218
254	397	276
198	301	220
240	374	178
103	332	167
181	380	212
221	382	257
82	438	7
227	317	278
162	391	216
228	302	107
198	499	210
144	435	305
21	376	11
419	156	388
67	421	274
239	498	282
105	397	152
230	321	255
150	359	135
129	469	269
269	484	275
18	468	174
398	299	389
161	404	165
242	347	279
183	374	240
138	524	268
194	476	129
273	178	236
224	168	139
182	355	232
111	437	231
46	513	244
75	314	216
234	246	145
295	139	304
108	300	122
234	422	176
158	262	189
113	294	23
450	62	486
144	393	180
92	343	209
231	416	367
236	467	151
189	296	259
246	444	244
216	435	110
172	463	165
171	383	189
214	311	241
245	6	313
223	205	187
254	434	120
226	393	105
153	455	167
160	440	218
133	435	199
225	321	309
199	374	113
96	337	227
174	265	333
250	440	297
164	467	254
227	299	157
107	357	215
261	330	148
153	321	28
216	546	95
221	365	274
56	378	172
278	331	218
164	377	41
136	489	264
134	371	201
272	453	222
326	425	314
264	484	49
160	298	120
105	248	232
208	291	168
148	302	147
273	232	116
170	393	275
179	375	298
146	199	230
174	210	284
176	439	10
192	214	233
257	315	55
191	444	100
142	450	23
270	559	281
19	227	196
282	399	126
114	507	226
112	411	102
182	375	298
237	441	224
162	540	209
152	357	233
233	435	294
83	322	159
259	120	234
166	392	332
223	493	156
138	493	272
53	423	210
202	515	169
121	302	115
61	228	167
89	428	18
60	285	124
241	347	215
131	362	311
242	425	170
166	458	248
166	234	232
475	9	502
241	515	97
200	369	251
273	423	36
144	176	23
167	504	52
189	380	89
180	236	213
254	413	292
182	334	132
143	358	84
107	400	122
233	91	184
217	420	265
168	350	308
160	141	246
171	270	58
230	464	256
155	326	288
216	491	313
169	326	245
161	356	127
160	431	274
83	459	185
547	134	474
297	428	251
69	233	152
120	455	266
189	368	303
70	437	225
576	138	505
228	400	209
113	400	283
204	333	269
210	429	277
171	372	247
96	174	271
97	494	224
254	324	324
194	284	16
190	206	193
217	342	71
186	416	176
76	320	260
101	436	177
185	507	275
207	267	305
3	273	250
227	341	186
173	325	202
210	329	167
253	397	230
124	367	180
219	449	97
217	440	192
221	247	258
215	402	146
180	342	68
144	471	162
96	471	84
122	332	179
227	383	125
178	328	4
248	409	115
267	396	312
220	359	89
267	397	138
245	383	143
215	391	322
175	349	296
74	481	87
157	391	130
464	145	474
156	383	1
170	497	259
108	458	135
202	423	3
119	244	246
193	283	193
396	399	282
239	449	118
23	273	72
78	431	211
216	483	275
259	384	95
166	410	232
200	301	99
160	358	243
233	324	223
84	425	168
236	280	232
146	333	186
483	67	249
230	425	195
275	535	246
483	337	495
213	424	139
151	400	190
282	377	178
175	275	180
52	385	245
128	384	258
127	269	255
225	501	146
25	372	7
230	397	206
179	126	213
180	295	124
272	479	373
214	430	10
200	450	287
222	206	123
3	542	149
271	403	277
277	493	126
189	275	23
230	413	239
258	358	302
23	402	107
173	313	206
219	342	330
199	374	21
278	407	179
485	96	456
296	158	324
393	149	427
518	34	487
85	282	208
76	191	290
150	370	317
429	61	485
119	341	71
235	489	135
538	202	510
169	386	212
101	349	156
177	129	245
144	416	298
233	281	231
122	427	271
300	263	289
137	502	79
170	478	122
244	442	128
292	396	188
436	122	308
238	47	270
195	336	368
80	327	137
525	28	471
288	178	325
31	436	165
103	313	244
304	242	269
125	416	84
79	382	72
191	151	167
214	440	229
230	410	286
16	297	284
95	511	193
122	375	186
219	226	212
263	459	123
141	322	119
278	291	154
129	287	302
504	178	461
494	419	463
8	348	259
99	335	212
194	346	314
186	433	290
145	405	115
136	335	280
184	194	139
539	91	372
107	374	236
212	350	178
111	449	245
202	239	206
19	319	242
241	301	224
195	119	71
256	327	306
152	375	197
66	419	247
244	75	201
219	277	122
127	409	155
272	439	275
204	343	217
172	431	228
260	401	251
185	483	249
23	431	110
129	200	261
164	494	22
320	384	278
235	339	201
219	476	220
153	418	62
201	485	237
225	376	113
227	472	67
72	448	167
295	474	195
64	43	246
163	338	183
252	303	225
96	266	27
117	220	83
56	396	136
266	439	245
160	530	214
166	382	263
185	193	228
22	482	257
203	286	227
230	372	162
168	521	137
255	295	166
482	200	316
214	452	214
229	432	193
168	244	263
215	353	256
134	324	332
126	334	56
177	175	360
202	194	315
291	590	216
401	176	452
176	178	207
279	407	292
180	415	269
98	463	201
97	186	222
166	320	196
516	465	531
295	509	316
231	83	298
193	461	251
218	385	240
77	492	241
454	192	444
171	518	141
193	422	263
286	356	299
137	500	248
209	547	262
253	478	223
273	346	258
178	433	220
126	368	24
96	461	246
232	445	98
266	464	156
195	364	216
179	329	60
49	396	231
73	448	178
259	305	247
219	411	86
145	265	71
180	281	171
142	236	205
264	524	278
169	375	252
222	444	2
122	46	342
190	581	214
13	245	71
187	329	113
138	251	12
236	358	314
248	455	203
65	434	199
226	385	15
70	392	162
185	400	48
210	284	287
271	365	177
263	376	228
250	412	91
109	291	226
186	388	80
39	387	88
178	355	162
186	464	155
466	118	397
142	408	112
448	42	449
113	338	133
112	382	336
415	161	422
188	417	257
194	351	108
156	349	204
242	493	148
156	320	86
222	256	252
185	348	227
301	328	256
111	399	113
217	137	111
229	387	293
134	348	242
43	259	276
248	494	142
167	339	349
196	339	260
184	345	228
141	318	39
289	345	70
173	447	139
206	448	147
85	343	111
159	431	275
217	444	102
197	432	214
100	316	238
145	317	134
204	430	291
263	362	152
1	371	135
170	388	216
216	357	157
49	511	90
225	456	292
157	265	250
170	432	239
229	356	88
112	221	226
148	162	294
97	467	310
321	456	168
375	98	445
82	266	299
252	423	142
80	279	164
216	412	210
282	482	232
108	367	231
165	424	293
42	386	136
238	379	119
198	489	228
157	488	62
134	174	116
127	426	177
119	334	284
66	452	176
232	406	268
295	418	66
476	49	513
43	283	193
294	240	389
240	427	139
133	268	168
88	42	199
192	341	284
221	258	312
127	232	194
46	275	92
21	415	224
183	342	243
161	316	182
172	116	17
273	442	277
252	491	228
164	223	217
219	365	276
55	147	121
7	240	310
193	250	292
611	180	431
4	391	253
155	517	236
200	441	309
393	129	426
222	363	246
174	293	179
423	143	215
220	273	195
73	290	195
86	329	317
205	106	178
375	168	474
269	331	147
107	284	277
368	356	376
210	359	140
247	328	48
115	116	237
248	433	169
204	349	247
198	380	136
533	111	451
103	285	216
275	397	58
106	254	209
219	228	30
296	508	163
218	387	108
193	357	95
345	344	372
200	356	120
230	383	202
126	449	142
219	296	249
209	289	297
459	94	477
145	310	136
537	134	426
119	434	156
289	560	279
509	122	447
254	453	284
458	164	389
220	343	200
214	459	195
95	344	152
35	375	20
176	389	47
164	382	42
130	344	93
269	97	310
80	473	244
160	333	269
293	444	241
260	257	204
204	289	161
180	488	219
58	315	199
36	395	229
189	323	274
269	287	131
554	129	497
166	412	166
217	397	102
98	158	114
122	381	274
122	287	53
243	240	221
49	338	228
240	433	141
201	420	183
88	382	23
64	398	155
18	378	49
222	543	113
454	191	417
209	150	200
97	135	222
303	409	205
209	327	238
245	281	201
136	447	225
284	360	166
89	358	199
148	280	60
248	510	162
278	377	250
162	402	282
145	380	197
108	384	189
156	470	233
294	324	259
160	472	220
116	479	92
64	211	255
210	484	158
79	427	67
182	331	287
44	220	214
134	435	207
4	253	304
247	356	226
96	364	154
175	348	95
198	318	181
49	369	141
205	134	288
111	172	83
64	331	107
11	266	115
162	295	297
187	584	201
189	352	44
217	202	297
199	385	210
275	393	204
102	450	249
148	434	137
270	377	339
638	200	517
132	348	251
12	2	293
222	459	183
504	57	417
168	300	224
248	367	250
290	448	223
164	432	117
107	390	152
153	401	289
77	398	227
184	374	116
81	341	88
368	452	319
500	139	441
142	230	332
155	387	179
33	343	170
137	372	85
214	251	60
185	526	120
214	355	246
164	405	168
29	272	271
142	468	188
277	339	266
238	385	290
193	481	277
562	108	455
42	434	53
209	324	276
200	456	105
70	347	311
280	528	294
89	117	295
166	199	112
206	391	263
169	293	261
251	500	234
282	515	227
120	265	250
202	371	226
121	458	240
204	332	100
141	245	311
240	550	299
205	514	328
72	195	234
184	406	238
445	104	442
215	383	193
245	172	255
60	393	248
320	397	319
482	105	410
102	350	339
29	342	185
225	244	238
158	433	310
181	446	218
222	381	225
174	439	248
233	419	110
399	109	511
232	489	119
207	287	76
204	175	122
153	307	226
112	451	128
131	331	226
233	351	244
181	220	275
487	210	514
219	446	277
254	463	302
126	354	293
177	398	207
49	319	226
38	310	163
136	274	233
76	404	225
239	236	269
168	211	252
453	187	326
471	178	373
121	464	280
206	500	138
174	479	237
130	383	185
173	396	254
197	304	181
380	271	206
192	324	19
290	435	317
122	455	312
58	317	27
67	190	105
102	488	247
180	436	182
229	508	282
214	260	42
204	419	151
163	437	290
165	329	169
180	300	201
232	494	102
168	415	263
197	335	156
207	424	279
157	326	187
189	103	242
233	335	245
182	396	190
144	295	7
223	490	214
301	533	92
131	439	285
251	462	225
134	323	208
268	377	326
552	99	322
19	222	240
148	352	249
230	374	197
554	224	480
223	424	61
154	367	217
175	366	59
197	511	180
274	518	323
183	260	158
102	393	243
177	416	270
210	481	7
428	144	414
247	566	206
434	45	455
109	439	182
287	339	226
267	439	243
211	468	274
76	286	192
32	313	209
122	381	209
243	284	235
233	305	260
496	76	410
494	199	454
489	357	489
131	531	185
55	416	155
214	321	223
169	375	234
255	369	235
103	512	117
182	408	286
59	342	266
49	304	44
33	362	200
99	425	299
200	372	280
135	424	295
176	466	226
247	307	260
200	386	203
133	354	267
268	429	305
210	560	159
193	451	264
216	461	162
539	391	528
128	400	171
291	383	183
220	277	267
121	391	120
95	433	197
581	276	432
159	407	224
263	372	73
271	273	210
249	256	113
145	396	282
211	207	66
218	159	173
174	473	66
64	156	296
244	486	333
139	294	284
56	299	164
127	320	166
114	451	241
207	285	277
116	403	243
174	471	223
259	411	254
238	479	257
152	306	52
210	472	204
232	414	279
22	367	145
266	386	282
459	23	513
156	401	228
215	256	263
229	431	219
156	246	203
261	374	286
181	380	165
19	282	36
24	304	176
92	298	206
5	46	333
257	380	276
117	421	256
150	302	162
13	281	286
170	436	260
18	426	61
192	202	277
212	486	291
361	111	405
165	292	193
220	59	293
183	429	244
120	410	220
247	275	248
129	389	296
479	28	511
81	444	256
186	465	210
152	197	175
196	447	78
231	455	169
36	451	273
211	434	304
157	127	165
244	471	48
532	291	501
542	200	214
54	413	271
144	438	208
226	380	206
178	309	220
158	481	112
170	521	130
229	432	187
210	376	61
271	458	143
189	353	290
242	440	194
226	340	260
157	316	277
222	424	179
235	332	185
56	432	230
275	433	253
199	480	349
181	427	136
255	443	30
203	359	304
234	465	228
227	324	203
36	429	75
201	361	250
22	208	129
100	471	53
86	219	219
484	73	519
216	474	64
60	350	156
241	377	288
422	184	448
68	423	276
142	352	250
308	519	235
236	471	345
263	370	239
212	485	121
171	430	171
119	352	177
179	421	203
128	306	92
477	184	441
202	460	213
216	306	142
204	383	253
185	370	116
187	284	242
257	398	167
244	385	327
116	256	319
180	346	160
138	325	252
181	342	41
214	378	67
124	301	218
158	280	167
148	465	191
183	300	167
226	242	270
487	143	392
155	382	247
241	497	234
151	447	180
506	68	512
56	431	201
170	451	171
257	446	257
147	251	194
104	332	252
185	398	203
271	309	216
75	374	190
262	476	20
223	527	37
220	252	200
189	347	155
242	87	126
147	366	210
108	387	238
198	350	253
193	278	165
35	366	257
400	33	445
172	375	152
266	515	224
467	362	438
222	412	217
163	445	237
189	384	217
168	246	217
214	320	196
318	312	270
154	579	224
584	221	411
168	332	143
39	384	244
200	336	2
215	300	222
276	239	281
116	82	232
136	413	51
225	259	241
332	109	269
227	267	80
61	316	351
109	424	166
112	306	266
309	140	314
231	424	133
129	284	246
184	203	311
179	315	266
286	403	85
197	457	171
185	494	187
221	300	256
73	251	185
270	361	342
23	343	293
57	387	99
263	429	71
207	274	232
228	408	258
271	553	249
51	416	265
182	479	93
95	453	233
250	442	150
194	456	198
102	248	188
139	324	324
102	226	194
245	198	225
231	335	205
322	357	274
201	468	170
182	267	285
185	511	187
103	448	238
175	395	265
251	331	135
205	115	197
162	350	65
192	342	294
171	429	43
168	394	173
6	301	178
236	362	277
227	438	227
214	392	291
534	190	419
167	343	242
161	398	43
187	382	270
236	555	71
151	369	238
99	344	163
197	450	171
178	502	7
158	317	227
158	190	162
109	367	293
150	400	4
249	417	18
193	451	150
147	284	160
220	509	296
130	450	67
163	422	193
66	440	125
226	311	130
160	337	276
203	501	242
207	488	241
184	381	170
248	312	287
182	318	157
85	402	309
193	373	285
314	442	306
162	515	298
221	377	216
32	248	261
235	468	66
181	382	92
278	395	214
197	417	299
242	468	193
182	516	245
303	508	302
252	349	186
237	216	151
76	334	240
218	511	296
154	366	259
45	466	246
168	416	38
225	330	249
23	431	327
340	269	322
244	291	252
81	137	265
212	502	165
73	226	300
150	249	238
207	384	204
143	213	166
172	399	211
206	327	256
241	328	124
244	363	286
18	251	234
262	387	288
210	462	257
81	478	198
248	457	228
46	397	262
61	325	262
494	136	438
208	271	283
207	449	237
251	428	3
186	379	103
236	425	177
146	453	46
455	124	459
208	419	290
334	508	406
117	441	316
124	373	184
109	255	185
197	426	193
81	363	165
270	407	283
257	465	306
227	363	62
75	355	149
199	281	241
122	346	134
20	389	308
132	377	247
180	350	274
145	300	167
96	507	214
226	464	154
128	462	275
232	346	236
31	320	302
164	477	84
220	449	281
144	329	117
122	373	279
137	297	258
230	400	344
68	384	203
260	420	379
229	307	283
207	465	139
160	443	228
508	139	491
221	433	281
54	250	152
350	254	407
398	281	396
170	573	172
200	341	219
340	319	392
229	342	121
51	427	28
75	446	290
126	167	199
253	325	173
75	491	275
194	352	265
167	339	162
18	451	228
191	465	165
222	446	124
180	340	173
188	383	258
212	416	63
100	362	123
120	295	111
103	282	94
222	194	300
93	309	8
72	318	292
141	192	200
263	444	119
224	341	245
149	238	271
208	396	74
248	494	257
527	23	497
243	270	60
244	469	271
207	257	14
471	113	472
147	263	213
138	383	254
147	263	84
116	142	248
194	331	194
209	215	224
229	528	281
224	470	197
101	447	221
152	239	36
260	532	249
221	489	166
228	185	139
257	387	226
134	344	278
211	351	240
158	412	336
237	615	191
200	464	239
304	457	163
239	380	351
105	406	312
245	585	53
234	345	324
262	440	293
226	421	202
153	421	216
121	380	148
63	470	308
134	346	109
170	356	5
124	409	226
107	349	137
40	432	251
210	249	242
452	192	429
297	435	310
269	201	204
106	94	287
514	202	415
165	414	182
280	280	217
202	267	305
134	432	312
528	86	477
198	462	374
151	432	310
210	318	233
264	479	325
64	417	296
61	363	193
236	380	159
105	211	53
176	354	158
58	407	267
247	372	302
125	440	45
242	459	114
195	378	177
235	329	187
161	414	175
189	439	251
180	449	241
206	560	71
51	372	145
263	286	333
266	426	89
152	500	218
98	349	15
238	316	173
219	365	254
114	397	259
219	176	224
113	355	170
226	300	189
111	316	256
37	443	230
509	187	441
153	278	281
264	309	200
185	290	152
231	308	88
236	306	22
152	390	164
433	490	413
70	485	286
460	119	492
190	327	152
230	440	240
275	457	300
220	457	71
125	10	235
559	28	481
211	399	75
375	264	364
8	292	287
21	431	23
224	348	230
196	435	254
265	365	282
136	292	183
189	121	43
167	417	186
150	386	44
117	348	245
192	451	189
136	393	234
309	324	282
244	463	218
215	373	72
147	410	238
248	436	170
206	427	109
239	32	536
72	108	231
269	381	304
254	297	298
179	354	143
152	109	325
200	481	217
541	253	406
111	330	256
295	482	70
233	261	266
253	342	299
301	358	285
164	279	10
425	184	116
237	460	201
421	379	300
239	495	198
137	238	275
192	381	39
245	495	119
194	229	322
154	495	177
157	258	1
22	218	231
187	419	52
183	328	231
254	571	178
119	367	240
44	452	17
259	484	218
150	371	103
30	338	122
44	342	293
182	473	139
122	318	61
239	592	156
267	372	120
126	245	66
197	382	107
60	338	264
71	362	170
199	223	278
205	412	80
180	356	146
156	453	254
145	173	180
96	453	235
130	272	251
172	395	279
115	368	232
170	360	87
254	393	207
126	361	164
206	513	250
205	506	284
322	179	338
130	297	240
8	435	117
182	414	109
263	365	170
116	404	193
66	428	189
97	395	126
70	368	250
188	356	155
98	248	32
222	432	332
78	367	291
162	493	233
124	409	214
108	305	279
240	338	137
126	388	282
8	477	229
550	179	384
254	424	177
213	457	271
66	429	139
232	141	159
235	469	187
145	381	191
130	491	32
32	423	230
190	284	297
207	271	270
166	257	229
170	222	230
482	343	501
217	339	280
196	383	249
190	366	268
254	414	219
59	172	140
172	324	339
178	437	136
69	358	353
213	285	58
147	383	265
35	358	213
219	403	112
244	500	267
237	369	232
171	339	146
75	308	221
159	404	343
195	483	218
37	477	84
166	478	225
262	410	307
99	320	155
250	502	273
81	388	283
159	387	275
230	354	243
247	414	275
49	250	126
269	408	209
193	169	105
196	312	146
237	421	211
240	489	144
383	150	442
112	367	203
254	448	3
167	438	206
173	322	322
146	398	317
502	245	394
113	510	73
199	364	169
244	482	261
556	44	560
212	133	186
219	456	195
517	144	225
188	327	116
173	172	231
160	295	43
96	483	217
209	461	8
61	406	226
296	488	91
252	392	256
187	366	216
281	461	13
131	298	232
186	405	254
162	326	237
188	214	292
75	381	43
165	268	168
164	242	201
189	500	179
200	338	19
76	425	314
111	441	183
232	269	303
305	233	254
191	302	231
451	332	467
71	214	126
213	274	232
100	420	208
237	195	216
156	480	152
226	269	226
248	379	48
60	332	174
256	463	137
132	354	309
35	482	257
169	334	164
265	231	288
240	312	128
437	32	487
157	439	274
154	359	207
151	404	214
139	350	201
534	167	410
193	489	154
505	200	483
236	512	332
153	391	205
149	346	191
289	196	275
295	417	237
430	9	496
329	459	153
124	411	210
170	305	196
166	342	39
532	92	433
245	343	89
257	438	269
492	49	291
31	433	240
53	195	168
538	125	464
240	453	265
170	317	242
218	410	187
126	237	297
46	77	269
161	445	267
460	159	392
230	437	35
3	439	205
232	391	168
192	333	295
87	370	204
292	389	129
83	433	103
259	411	218
445	23	425
100	415	68
151	373	103
545	425	576
88	245	169
55	433	66
182	425	260
185	422	30
279	476	246
167	241	200
192	420	295
16	337	92
462	348	459
636	167	301
85	339	280
208	437	267
103	365	232
202	526	167
226	420	249
277	361	233
406	73	302
183	494	233
240	314	232
282	487	249
66	202	149
173	369	154
234	372	184
187	340	157
185	317	259
182	412	211
240	529	309
179	464	106
451	30	412
524	136	528
342	179	330
172	449	329
213	512	327
107	333	143
222	510	258
220	403	93
150	307	191
205	388	171
110	376	265
154	412	258
582	222	433
71	317	145
252	441	178
32	361	209
232	348	264
154	272	190
150	411	280
502	224	420
197	329	291
210	348	183
199	396	67
286	545	265
137	332	232
244	378	228
307	454	334
209	446	47
200	369	278
49	480	168
127	416	174
107	475	208
196	396	218
44	384	132
480	176	425
23	19	64
121	201	187
184	319	161
187	381	29
119	346	117
193	541	201
220	451	213
78	411	29
73	407	145
185	431	183
131	457	242
152	249	108
184	430	116
290	358	148
270	476	268
257	392	241
369	192	253
157	463	280
128	397	254
183	251	226
213	425	261
146	472	291
238	431	271
11	340	203
249	500	292
252	30	118
215	411	321
239	404	207
261	491	47
201	487	160
177	309	210
43	532	124
104	291	123
150	489	181
122	400	255
130	485	208
254	459	124
256	299	153
199	547	203
157	519	49
184	423	74
297	486	319
146	234	19
227	303	273
128	375	6
197	460	311
191	450	207
175	394	139
3	360	175
197	458	262
259	508	290
476	306	385
219	273	238
51	276	143
73	408	293
168	400	149
191	499	287
236	426	288
254	417	91
220	302	257
167	304	180
170	220	277
234	306	84
47	462	219
107	469	282
467	188	313
236	330	136
212	293	304
155	439	189
209	186	260
404	150	369
269	305	146
91	386	280
54	254	315
202	367	250
203	331	254
149	426	207
231	513	95
236	410	49
219	203	225
283	361	284
216	486	168
622	1	479
159	445	191
211	304	220
161	405	253
178	426	25
493	92	448
141	359	103
228	378	172
219	511	278
83	362	138
210	379	70
44	402	125
217	510	281
193	427	212
79	489	148
285	509	292
533	259	462
258	439	122
73	362	157
152	453	146
146	273	247
131	323	67
187	193	93
281	305	181
248	373	205
144	192	304
79	453	263
14	250	173
580	326	437
177	391	186
196	325	67
6	384	273
268	576	78
174	326	229
474	96	499
43	298	302
174	370	297
235	386	119
150	369	76
256	484	112
64	380	166
202	439	253
486	252	479
115	433	17
283	386	277
172	315	158
250	429	185
495	228	478
178	422	41
244	99	203
243	435	203
157	376	81
92	361	204
259	284	246
460	359	437
288	465	230
154	302	63
162	450	185
184	366	218
281	399	278
279	418	187
212	227	98
243	275	92
171	420	247
222	383	283
156	487	265
26	317	108
276	542	296
186	291	198
197	389	126
414	201	481
273	567	288
241	213	244
588	259	372
192	482	207
232	385	267
503	114	517
221	373	215
133	415	254
268	447	25
190	424	136
105	410	54
36	408	50
144	424	72
155	478	223
236	412	294
206	401	162
221	574	334
143	408	274
165	438	206
254	211	290
463	83	449
215	226	246
224	380	239
229	397	67
243	458	186
200	465	324
96	351	81
59	477	285
516	80	271
64	378	170
197	298	179
17	319	194
414	223	419
135	447	120
246	340	238
212	447	281
120	324	245
111	483	115
490	157	519
406	298	324
248	218	193
219	280	91
194	366	62
158	186	187
195	355	302
213	513	311
196	447	8
72	388	88
196	344	232
265	365	216
51	238	200
260	412	175
273	348	26
570	247	516
192	452	31
93	377	237
115	448	240
219	370	159
152	242	139
161	292	247
277	444	277
311	165	460
115	234	48
191	254	213
184	208	148
118	365	208
195	459	169
186	438	156
256	481	194
176	375	199
230	335	162
566	41	418
258	342	281
265	495	239
249	336	252
201	332	257
284	329	274
211	317	231
181	353	252
165	349	195
197	335	148
260	99	270
129	527	51
98	528	267
80	197	350
196	411	206
120	417	265
81	47	35
116	412	277
190	420	187
166	346	169
512	58	502
245	405	284
164	450	147
80	417	144
231	446	264
218	382	165
182	389	32
46	415	92
163	285	304
167	370	130
92	290	314
215	486	143
124	388	272
174	505	259
182	274	265
119	389	245
272	323	279
18	509	222
189	411	204
237	284	307
31	369	253
37	384	293
174	315	292
28	351	237
80	406	46
223	228	278
174	121	267
249	364	222
510	208	467
193	385	140
266	325	265
183	271	108
258	365	68
215	194	113
78	393	250
153	483	282
382	273	359
303	475	194
152	333	35
59	445	223
202	403	238
230	475	155
473	58	446
179	328	32
188	477	203
145	308	306
284	338	246
275	410	45
117	363	200
236	340	308
9	317	220
86	269	346
232	428	151
489	501	463
61	402	312
150	237	202
163	436	195
385	370	266
436	18	455
179	477	283
105	358	294
201	558	221
185	341	53
141	315	305
174	318	188
232	383	180
71	294	190
248	422	262
387	436	245
120	404	231
126	377	177
161	398	155
216	424	247
126	467	207
176	412	208
145	295	294
147	309	198
101	424	176
157	571	279
238	307	362
12	390	216
156	421	78
254	351	258
82	404	242
42	440	277
166	492	129
179	386	164
176	329	322
219	576	63
87	194	187
154	398	295
160	358	163
88	373	122
237	410	92
229	303	243
82	284	271
217	491	196
329	298	362
38	260	122
155	409	78
64	386	16
448	137	529
205	332	49
496	350	492
207	314	253
164	231	189
140	359	236
295	500	262
122	418	151
195	450	296
230	437	293
172	407	134
202	364	275
244	419	212
208	469	208
232	408	187
149	436	276
320	496	246
215	284	260
264	478	161
271	512	86
155	251	252
138	386	68
268	393	199
60	480	256
233	369	63
213	242	249
211	376	268
267	481	113
141	380	194
214	302	205
195	346	167
172	356	44
169	481	170
189	393	278
256	467	343
141	333	290
154	343	93
182	451	281
115	314	131
189	390	161
493	193	375
11	389	280
211	394	311
117	311	263
100	262	305
142	291	147
109	117	294
215	456	306
249	416	219
228	386	281
58	250	86
67	261	286
270	363	238
262	365	225
109	363	208
39	478	7
228	424	258
246	435	231
302	172	190
530	150	476
108	323	116
214	429	365
335	488	430
139	353	212
123	429	116
456	83	482
183	493	158
294	408	300
244	369	175
132	369	77
121	391	125
203	324	115
26	456	68
139	267	359
44	362	165
87	384	198
540	149	499
214	374	292
256	425	288
90	448	195
195	317	208
55	382	277
218	558	259
67	178	350
148	375	295
256	477	55
105	370	214
107	449	162
189	435	167
102	373	191
104	278	51
162	469	212
183	374	225
230	459	14
236	437	238
129	337	198
245	460	189
89	364	32
198	517	49
137	198	241
201	443	288
257	412	180
214	525	239
286	516	267
204	431	85
212	331	207
220	268	158
250	491	200
195	341	136
158	351	184
186	392	197
484	90	471
19	170	251
177	387	282
219	492	312
206	395	71
17	451	89
374	215	386
249	443	81
275	494	243
509	229	304
83	308	200
301	434	169
76	254	225
47	438	187
177	319	263
219	239	203
279	496	258
228	527	216
173	410	109
49	251	204
282	470	253
194	393	15
7	262	295
10	491	362
75	395	213
200	374	150
131	335	267
538	123	509
188	374	271
585	28	510
209	298	262
223	367	234
174	316	184
110	458	139
174	466	164
216	464	56
231	388	261
203	352	222
75	335	230
226	423	184
150	335	288
228	483	119
110	324	150
193	216	75
168	258	269
250	417	240
191	443	124
432	111	496
55	207	106
188	419	131
176	438	326
179	440	215
446	131	466
255	340	121
235	392	271
127	439	61
163	255	324
84	426	115
287	250	197
358	5	58
231	293	280
19	322	197
213	307	138
351	514	255
248	404	217
549	126	414
130	366	86
308	152	339
275	423	98
184	376	332
442	168	471
169	352	228
248	393	153
171	432	268
66	272	298
125	282	150
245	460	171
145	462	218
224	338	50
245	366	305
140	381	332
79	432	179
67	345	83
180	403	174
133	539	194
190	360	76
97	449	116
68	366	210
53	365	288
145	283	240
238	405	269
132	241	267
291	517	122
89	319	179
94	318	234
203	397	260
155	389	253
199	285	199
283	573	55
108	445	185
77	544	114
111	260	178
187	444	254
113	372	257
141	207	177
123	211	158
317	320	297
281	433	204
138	373	332
494	101	434
191	413	109
262	379	77
247	338	336
102	273	201
49	500	154
204	224	131
213	392	275
109	305	242
321	377	203
125	217	75
267	369	187
220	399	222
422	101	415
93	364	153
307	386	65
179	467	137
569	522	552
126	270	107
160	254	169
133	430	271
83	228	294
234	419	281
156	366	224
163	495	252
213	382	76
173	425	211
223	439	308
209	401	326
268	350	221
203	454	144
195	456	230
228	367	138
157	470	190
289	355	282
165	199	255
170	274	39
204	443	44
69	394	167
123	336	292
110	300	357
143	326	250
225	312	199
208	274	247
199	455	299
231	308	180
175	297	39
214	255	182
214	242	235
165	347	252
174	165	124
146	203	186
55	389	275
243	487	300
276	433	210
229	273	223
133	503	235
94	307	338
197	431	141
85	511	194
184	370	183
243	305	171
140	408	180
97	468	260
163	410	230
287	523	179
279	489	144
179	420	233
581	226	281
86	206	213
259	406	315
250	323	188
32	185	209
139	387	206
263	369	99
207	376	227
443	327	450
239	418	233
399	72	436
153	459	12
428	110	510
16	349	326
182	421	342
204	479	182
133	368	299
186	319	204
179	284	83
262	570	244
201	464	139
194	424	183
249	450	208
240	429	140
173	402	149
242	406	163
92	78	145
140	374	152
202	317	144
202	410	167
179	359	53
189	532	228
260	484	85
53	286	185
95	411	46
182	419	72
65	436	80
164	293	176
113	500	248
234	380	275
566	166	529
250	408	247
242	350	183
196	526	184
161	541	209
191	107	86
117	280	27
86	331	294
261	460	207
186	319	250
67	462	221
309	126	303
166	162	180
169	225	259
450	219	415
179	309	192
185	401	247
81	159	210
424	106	469
5	424	212
121	315	132
20	411	206
202	313	220
119	183	197
514	78	481
97	415	281
133	373	291
130	356	165
227	446	245
459	54	469
167	478	110
64	398	208
68	342	262
304	391	306
83	353	24
67	403	146
114	336	243
393	158	474
220	337	307
247	190	112
194	451	307
167	312	123
234	430	234
187	322	194
336	458	379
58	286	284
213	407	278
170	269	106
191	512	251
74	380	225
307	543	293
190	223	149
115	388	148
115	441	252
68	239	177
54	266	219
172	442	162
373	421	340
117	447	254
244	527	142
258	481	100
284	298	272
161	461	210
512	98	469
352	410	313
83	529	26
270	401	260
459	33	458
292	422	271
258	461	289
175	392	66
236	349	137
150	261	220
185	292	135
144	406	300
53	515	28
127	357	152
13	212	229
221	367	117
210	379	294
130	454	16
54	269	191
120	304	171
265	351	175
519	165	435
292	447	50
121	297	257
197	300	191
31	539	178
184	378	256
49	355	189
274	506	138
126	450	227
304	348	281
238	375	235
249	354	235
272	398	112
489	194	465
163	451	232
266	461	279
7	443	222
91	287	234
210	252	13
212	472	49
283	458	334
338	493	303
267	371	189
290	569	49
87	346	167
49	482	118
243	445	190
204	528	293
22	435	257
168	409	305
573	125	581
142	574	146
102	394	274
165	462	182
211	342	227
109	386	204
236	427	248
192	423	261
109	418	112
142	203	251
223	392	221
125	464	3
185	476	232
242	326	204
229	461	158
187	392	237
210	373	36
179	293	212
210	497	271
196	402	260
306	491	317
301	133	207
197	437	236
222	276	83
217	264	243
250	364	218
244	360	26
222	392	222
255	354	191
232	315	271
225	463	172
4	356	252
305	123	314
150	364	167
546	162	134
189	414	136
303	367	276
239	341	134
142	459	77
77	31	233
48	424	217
149	331	298
266	564	240
193	448	209
137	386	175
224	285	232
240	381	101
216	82	269
113	340	215
285	363	281
49	295	228
42	440	276
166	205	305
115	328	116
212	383	306
138	378	308
144	338	144
240	256	280
136	383	208
248	303	213
194	151	196
266	372	281
173	420	237
158	443	233
195	462	185
208	382	298
135	247	276
199	489	209
529	192	472
215	318	259
155	548	257
175	380	239
255	412	283
182	401	184
223	331	322
201	406	104
256	267	148
551	183	369
186	325	250
44	265	270
240	226	225
138	446	154
203	504	176
148	479	167
179	544	212
29	474	163
69	154	185
236	393	205
109	352	238
181	442	271
119	140	276
48	317	278
115	345	205
72	463	307
172	406	136
232	492	167
133	373	162
267	231	214
202	421	189
167	287	92
165	288	241
414	535	333
444	29	483
237	338	208
240	390	99
147	356	188
127	474	90
131	347	246
461	150	528
98	347	71
166	358	76
76	265	251
377	432	413
172	299	188
241	232	63
113	240	231
204	341	217
387	129	344
195	514	189
152	336	278
252	482	234
494	158	464
173	328	122
221	272	138
222	188	270
250	367	210
162	322	35
532	149	645
207	437	271
237	348	62
555	192	587
171	341	149
266	399	231
164	539	275
223	263	198
225	57	124
119	389	273
176	251	115
195	466	256
144	438	200
213	300	243
231	325	261
185	343	266
137	394	40
71	414	139
37	382	294
263	511	186
221	378	240
12	301	177
194	465	126
229	360	201
111	438	249
165	296	178
201	380	71
129	461	169
262	443	207
239	362	193
195	16	79
74	435	194
9	374	103
207	458	15
241	488	275
243	367	160
172	250	127
204	475	103
164	326	253
225	470	277
196	437	204
273	392	292
154	415	91
51	317	253
179	303	303
253	368	263
197	260	200
160	383	315
165	360	133
81	464	222
175	447	283
243	476	236
202	331	278
125	455	128
159	421	268
79	337	162
170	310	233
196	433	136
175	448	304
177	491	175
100	350	314
144	468	196
229	370	200
236	301	271
172	318	358
67	345	357
226	262	176
52	440	314
225	340	24
204	502	124
415	110	401
194	430	251
151	358	39
219	405	253
242	481	110
154	442	321
174	320	36
272	530	78
148	432	241
278	481	263
85	197	160
229	339	185
36	126	115
264	212	173
325	457	89
250	362	134
506	188	442
270	174	355
124	238	198
291	356	87
188	329	233
99	282	222
65	381	191
132	362	187
265	419	265
192	326	193
243	444	355
40	279	255
68	316	206
260	246	309
270	316	209
142	447	314
127	565	111
280	485	305
238	385	244
215	374	137
207	349	100
187	428	366
458	120	501
236	495	172
276	503	249
200	301	229
137	524	258
183	342	44
178	335	137
183	417	259
197	387	119
61	340	293
174	380	174
267	493	255
248	415	180
185	400	194
178	405	202
132	430	181
175	451	227
188	325	283
77	179	103
223	361	304
200	332	265
146	339	138
483	108	438
251	477	80
184	200	253
96	372	261
517	100	404
163	395	233
190	364	265
192	421	77
218	391	236
58	345	224
256	594	42
146	342	230
131	310	269
93	410	215
166	466	175
227	402	141
63	538	214
176	486	250
126	427	310
109	289	175
86	327	258
237	386	189
212	292	71
334	497	250
113	413	258
67	348	7
44	343	170
166	290	206
259	369	72
287	485	131
592	92	418
183	350	170
231	296	185
254	393	340
239	312	303
39	387	287
135	445	89
157	398	145
236	281	171
125	472	195
224	281	267
204	419	202
498	354	531
31	18	241
85	368	222
204	270	271
225	422	146
164	386	150
246	393	237
174	327	184
267	435	177
258	372	250
57	230	181
87	369	214
523	140	450
188	459	79
129	402	139
107	419	100
113	257	242
160	499	267
116	510	270
186	380	209
111	243	270
132	499	105
190	311	87
216	32	32
210	222	217
253	324	103
215	368	142
195	427	108
234	477	89
60	297	89
170	455	108
211	372	247
182	352	278
251	201	238
289	531	255
507	389	524
218	322	47
183	525	100
129	127	155
208	420	247
219	332	295
202	523	274
186	390	179
146	247	334
259	380	258
169	216	192
252	446	129
209	485	247
117	346	275
33	392	77
120	415	234
85	382	112
71	430	31
78	451	21
295	470	308
93	408	230
155	427	312
10	40	101
243	414	231
229	345	254
302	256	210
309	53	323
89	307	303
268	512	203
184	458	307
183	251	190
118	404	280
220	440	58
269	339	151
214	304	255
239	334	204
154	266	112
151	337	301
254	340	363
305	472	182
43	342	271
189	479	325
104	340	251
204	397	44
203	431	88
438	130	515
190	431	135
205	469	130
187	461	260
288	426	299
257	371	277
281	629	234
163	381	279
209	313	170
262	494	239
274	458	379
232	381	319
176	316	166
134	434	156
239	399	44
222	451	71
288	562	295
136	354	330
277	430	323
36	339	213
132	293	127
229	474	303
219	482	219
191	341	211
77	497	119
212	214	286
184	323	329
197	389	314
176	202	26
221	344	328
142	418	310
159	351	125
134	523	112
206	291	153
101	294	152
179	274	119
131	420	258
103	469	263
278	571	248
173	231	114
145	353	206
211	227	234
140	323	226
369	70	500
455	198	486
239	345	216
239	424	11
8	280	298
56	116	138
246	495	145
192	370	90
281	349	234
166	352	231
163	497	193
309	295	165
204	344	245
174	300	220
94	454	175
190	329	247
137	333	282
184	312	284
317	481	238
179	438	198
497	428	450
223	152	234
261	368	230
291	264	220
145	299	157
159	400	193
156	508	73
153	356	246
259	401	173
515	50	488
221	363	130
182	444	307
135	369	230
183	362	21
162	437	314
189	387	264
280	405	239
74	452	204
132	428	229
190	437	56
221	281	219
185	414	146
127	445	189
67	462	330
257	459	272
21	274	306
219	419	101
231	259	264
201	426	95
127	248	125
183	459	315
197	467	292
189	413	238
132	348	221
169	257	319
2	353	266
66	309	293
209	354	102
267	403	299
342	465	384
151	412	222
274	408	155
209	435	210
183	425	247
219	403	141
149	342	299
327	299	251
240	457	226
177	474	19
218	239	313
200	401	249
70	394	144
262	522	96
183	393	217
273	425	200
238	366	264
218	291	169
214	409	81
131	472	322
65	154	72
42	379	94
546	217	296
115	236	208
292	468	303
132	346	336
230	314	6
118	358	17
377	264	274
146	506	239
79	404	298
110	234	146
144	365	234
252	468	129
186	478	241
237	385	313
246	466	215
219	455	219
230	377	208
261	430	151
9	413	14
118	215	44
377	192	556
239	193	234
124	438	249
183	308	177
252	311	30
216	388	80
488	82	484
201	281	268
247	501	123
180	412	230
245	405	173
142	422	128
210	475	192
152	398	251
301	197	312
202	452	185
134	359	205
256	447	320
157	448	245
169	330	285
297	255	132
95	406	233
196	420	166
501	26	489
263	139	153
221	500	76
247	341	190
138	366	296
83	364	203
343	359	280
185	408	238
224	450	236
269	345	162
146	415	208
479	133	434
140	545	309
240	393	159
173	362	218
74	411	271
10	473	76
97	487	103
176	295	183
189	394	254
98	407	111
184	429	98
124	428	296
126	344	309
229	429	335
254	420	196
230	418	276
547	87	499
187	340	193
18	418	24
236	328	279
79	466	124
59	357	220
226	404	143
133	573	124
250	346	267
142	371	118
195	334	67
273	375	261
230	390	287
53	188	206
263	198	267
74	341	382
156	481	257
435	156	463
286	446	296
356	505	187
221	326	244
214	430	23
110	591	146
170	420	279
70	311	105
229	490	182
120	303	244
207	335	234
152	341	128
186	354	227
223	374	9
82	442	185
198	161	203
258	392	271
207	333	324
214	454	173
205	214	65
192	304	148
451	146	376
61	316	280
157	443	189
116	368	83
260	422	199
274	480	61
3	342	249
195	478	210
228	513	252
222	279	291
113	366	311
191	449	182
84	444	149
178	409	252
188	416	164
276	392	269
431	186	411
216	479	42
161	472	76
205	286	266
223	404	77
139	446	181
237	376	209
168	224	297
288	458	231
142	289	222
57	574	269
212	458	276
122	323	294
101	272	92
474	36	413
472	125	475
225	384	139
317	551	266
141	491	309
175	163	187
148	297	87
108	394	9
473	17	434
94	377	10
182	399	48
155	296	46
211	477	192
145	267	259
115	492	259
416	50	428
407	136	483
206	422	108
214	5	262
250	495	193
240	310	198
122	343	307
120	414	247
268	455	271
162	429	166
195	418	297
243	456	333
512	171	432
456	200	504
254	353	263
235	415	204
183	369	240
170	337	146
16	395	295
190	367	231
119	378	121
228	484	275
345	245	382
162	347	188
193	258	214
15	353	308
157	343	234
146	404	284
492	164	292
19	309	227
314	437	278
138	408	117
203	425	211
192	315	313
236	393	198
176	233	214
164	443	34
164	152	73
266	374	161
208	311	115
142	340	280
149	304	342
168	352	310
22	322	258
156	371	218
159	109	257
185	397	233
148	397	94
149	275	85
235	200	292
475	204	497
300	183	223
248	376	235
186	300	260
212	441	241
238	357	225
232	397	148
80	155	168
222	341	141
246	340	289
251	473	124
142	372	17
277	268	263
193	415	286
113	468	258
191	429	246
253	543	302
525	113	387
269	453	257
225	385	237
478	21	480
148	209	160
124	353	95
239	363	266
259	531	308
91	387	79
131	442	187
138	545	290
280	233	253
126	425	299
260	443	187
173	418	4
4	375	34
61	361	345
51	461	201
162	431	259
210	423	342
140	362	71
365	454	361
250	448	147
120	360	189
613	105	393
189	434	319
271	516	237
191	402	32
211	421	197
131	302	86
185	260	170
304	273	239
165	315	236
322	235	13
147	429	186
215	393	195
511	72	516
518	149	563
134	399	199
132	458	263
296	533	282
97	455	80
243	327	228
440	77	426
540	114	452
162	277	232
268	405	229
221	374	177
191	439	244
297	463	283
172	172	279
183	365	132
218	359	245
225	238	219
282	306	339
200	434	239
146	385	180
237	479	101
203	234	205
164	212	207
129	409	314
240	416	305
284	350	227
188	420	150
58	377	185
214	450	250
215	390	75
212	358	190
137	290	258
541	52	455
147	477	167
479	421	483
220	390	211
263	499	204
202	513	281
179	436	181
245	406	265
200	337	209
267	482	247
329	422	311
224	432	191
206	401	44
92	258	298
272	337	159
126	458	149
140	387	240
509	102	452
26	291	75
229	320	85
132	424	236
124	324	191
205	460	294
230	488	164
199	474	323
223	329	101
273	307	201
235	451	294
440	38	338
151	250	28
152	369	131
242	265	214
48	368	168
112	435	193
165	370	15
251	343	213
145	455	249
225	282	210
214	190	264
41	233	198
87	446	208
143	365	279
174	400	281
163	384	268
218	410	346
250	391	6
63	302	146
247	577	309
68	318	82
220	427	179
216	345	135
169	365	215
409	495	96
239	292	125
179	464	270
202	369	127
211	148	136
251	399	273
59	425	88
195	265	314
76	290	213
239	427	172
233	134	268
136	428	188
546	414	568
141	478	228
247	306	302
305	382	231
208	66	244
3	47	64
276	382	266
191	455	252
132	421	81
193	389	173
308	337	188
503	187	376
219	316	32
92	363	151
212	275	145
300	530	295
140	310	44
249	469	53
255	458	175
167	425	299
94	351	277
177	351	229
173	356	146
248	386	221
252	340	178
134	469	228
121	421	197
68	243	94
172	515	106
159	219	195
236	515	252
129	175	187
184	399	294
7	312	268
219	460	275
185	469	303
107	443	268
27	220	160
173	377	130
160	378	340
117	223	67
138	403	237
416	260	218
311	496	268
108	402	8
61	397	279
194	338	166
113	343	215
274	375	152
257	397	151
239	448	169
182	329	119
304	482	200
110	287	328
100	442	287
205	400	171
165	443	85
218	487	109
222	296	155
309	407	178
197	365	237
157	427	270
185	344	260
110	434	173
144	543	214
74	436	197
123	340	130
269	167	230
249	453	116
63	271	287
243	481	202
168	252	300
212	519	207
180	399	311
191	436	223
63	319	292
191	426	119
208	418	153
159	468	312
101	340	291
222	258	210
164	457	208
206	351	118
615	133	480
170	219	277
91	169	88
145	472	249
128	395	71
58	291	192
222	426	80
462	91	494
325	396	174
4	276	211
278	449	310
164	406	161
117	501	51
482	173	344
186	429	150
179	382	137
253	506	175
160	355	116
36	476	248
155	509	181
70	398	183
172	455	240
267	462	220
206	403	350
229	421	250
88	330	332
145	401	227
143	463	106
176	329	239
188	467	248
175	334	9
155	427	284
206	384	51
75	489	142
201	311	74
257	193	234
400	186	457
261	341	237
176	474	285
231	416	29
221	423	170
81	211	288
531	14	437
226	434	264
198	371	4
235	456	229
342	472	256
268	332	129
221	444	49
150	365	222
224	272	264
233	489	16
178	528	191
98	365	235
149	369	170
229	463	110
181	278	102
153	377	330
148	263	304
224	261	181
232	440	42
10	453	169
273	459	270
144	219	177
256	241	314
172	450	217
193	362	237
458	75	519
248	225	353
111	262	326
42	254	307
208	405	165
157	534	233
155	401	125
126	415	264
233	343	294
227	359	234
219	401	209
157	183	192
220	408	177
515	11	427
82	268	306
44	369	232
189	396	300
155	203	46
172	431	272
206	475	198
192	219	172
165	383	66
232	431	174
162	230	101
269	471	221
248	227	75
148	332	229
105	450	215
136	508	244
212	170	320
250	398	241
221	374	266
205	295	250
324	442	296
219	391	134
76	444	125
163	374	114
247	443	133
164	220	263
199	573	133
185	574	214
176	486	204
621	299	470
56	286	288
120	257	321
92	404	277
247	268	214
75	46	204
95	369	224
124	250	271
178	410	306
229	454	248
221	364	252
300	384	244
144	304	220
128	447	251
144	342	275
321	237	192
255	464	341
164	414	204
282	407	307
263	497	178
173	477	303
133	373	234
174	263	293
213	239	306
243	383	135
238	338	97
183	336	87
376	450	368
132	162	258
260	358	134
25	324	158
263	368	121
189	307	176
265	253	223
186	246	175
192	354	273
258	459	254
154	312	277
153	412	265
158	448	256
150	64	153
62	443	95
276	376	188
172	427	247
157	435	155
199	384	93
127	364	256
128	434	241
236	509	185
37	393	248
161	405	112
227	389	190
28	393	186
592	93	432
185	378	272
88	282	188
155	373	281
525	118	432
329	156	266
281	313	242
239	461	138
446	50	153
311	391	217
120	405	79
187	282	224
73	393	214
151	442	265
297	443	333
199	381	134
184	376	286
252	213	196
125	406	130
160	308	59
221	414	205
262	571	190
127	390	176
249	514	197
507	72	545
226	238	305
110	405	311
215	409	269
14	249	319
186	310	138
229	354	211
229	336	173
269	415	214
475	116	488
160	368	280
131	368	102
100	393	56
32	398	198
201	361	299
170	265	144
184	333	326
520	126	456
377	126	292
214	287	115
97	363	233
141	328	134
278	456	277
273	527	131
179	261	287
131	486	147
137	444	150
126	137	319
6	448	284
165	328	267
69	367	187
149	457	58
1	401	70
205	394	226
291	138	266
178	479	176
65	329	176
231	411	200
260	342	261
190	311	198
143	472	235
339	357	325
153	351	249
195	490	141
1	439	315
141	389	16
194	201	321
103	331	166
200	349	281
86	40	289
416	155	499
137	165	334
127	355	271
193	445	121
155	380	70
261	545	323
307	417	250
193	458	210
215	495	144
469	396	400
148	377	275
112	333	205
125	301	24
608	167	416
574	131	437
280	173	345
484	91	434
115	407	224
100	375	129
288	404	247
556	121	472
111	321	174
194	465	249
206	358	222
215	365	297
29	112	262
359	385	342
173	307	203
126	491	262
230	238	148
199	367	113
126	278	113
246	244	232
243	529	325
175	224	256
187	333	72
239	290	157
150	353	167
247	395	285
253	427	269
232	546	78
296	472	317
211	294	180
217	428	169
38	407	284
309	363	336
144	429	177
146	360	36
226	403	310
101	155	143
165	134	237
210	420	283
226	493	367
190	491	63
184	421	267
279	461	252
149	385	279
202	391	154
145	388	151
187	374	235
224	258	320
230	321	189
134	369	350
221	426	91
138	260	130
143	458	192
28	244	11
145	329	212
229	388	280
237	382	261
262	147	173
190	338	284
184	415	248
67	354	153
160	282	323
194	324	8
198	301	316
225	450	195
118	366	225
514	159	525
139	362	299
70	385	285
136	351	328
241	408	86
21	135	227
285	332	58
212	529	136
156	107	23
109	286	181
83	212	273
209	423	206
184	314	274
219	440	242
208	399	237
192	165	253
535	130	487
282	521	196
116	265	154
226	420	174
67	387	151
219	208	273
192	358	41
17	382	207
183	491	146
123	484	342
144	454	100
297	522	292
124	510	114
133	455	14
237	430	14
223	408	165
207	246	142
252	265	137
31	391	85
256	644	187
147	512	274
58	345	134
39	404	295
234	393	264
109	430	275
160	321	222
199	428	106
280	317	243
238	336	264
264	214	265
144	257	225
194	379	188
257	431	246
224	263	101
226	330	240
183	493	294
231	459	77
169	415	226
220	428	227
208	222	12
2	404	249
200	262	150
157	366	228
87	415	127
180	369	72
263	531	264
263	520	285
28	514	177
172	400	181
208	133	301
128	371	277
185	405	11
294	491	27
281	447	204
157	343	225
277	443	108
126	289	5
85	521	115
137	427	5
84	353	209
278	537	324
448	32	560
94	437	277
91	296	232
519	138	450
183	388	288
143	445	116
173	389	130
203	320	42
143	368	172
176	418	250
102	371	270
211	201	67
272	511	117
212	324	251
65	219	231
162	427	200
307	419	322
203	496	283
146	451	178
436	350	187
151	327	171
137	313	171
205	574	155
147	340	286
254	303	245
179	375	217
228	316	165
234	499	308
81	349	254
169	355	241
170	450	182
615	161	475
139	381	203
154	285	63
201	63	279
193	528	224
125	366	243
222	354	272
12	311	218
528	16	499
225	424	239
207	367	311
21	327	108
239	547	106
227	437	27
214	411	255
266	338	186
33	374	120
89	468	255
214	470	208
197	412	164
231	425	173
265	188	73
231	417	132
466	143	468
56	385	170
374	266	404
221	183	309
14	338	124
175	328	295
186	398	194
154	475	188
122	154	286
244	403	157
73	269	164
205	474	201
278	419	169
152	411	264
163	228	113
401	47	464
180	560	240
226	442	167
36	367	13
218	486	198
211	376	265
188	431	273
232	440	96
210	438	238
184	448	115
149	425	274
101	379	188
277	365	215
260	319	282
117	503	117
270	111	298
314	514	166
183	270	208
231	218	154
535	176	480
105	307	91
139	129	130
311	531	276
219	467	66
272	529	3
243	347	179
230	217	42
119	477	285
133	413	220
182	290	230
144	382	152
180	393	238
233	109	330
135	428	275
107	240	181
130	277	142
310	391	196
223	484	142
274	446	147
241	391	75
218	300	233
269	240	297
182	398	196
263	295	86
598	192	504
271	459	162
152	227	305
229	377	219
39	356	225
167	366	92
272	530	263
79	419	56
233	411	164
289	393	71
52	388	258
218	194	185
245	422	138
199	266	222
172	495	114
400	194	252
109	42	233
78	388	189
124	279	87
129	447	10
181	246	208
28	229	262
180	432	134
160	436	105
158	430	191
308	285	220
189	309	68
227	501	98
223	436	105
141	433	275
220	346	197
528	174	513
214	247	144
117	375	222
188	393	274
201	316	231
161	391	94
191	414	190
222	475	41
57	296	267
146	458	228
214	437	293
547	234	441
41	256	94
443	72	415
98	384	304
316	451	13
216	435	219
276	319	95
58	137	193
265	421	60
241	465	58
157	287	113
162	539	134
299	483	322
114	406	4
64	447	202
184	338	316
239	453	236
85	375	17
497	378	487
151	315	224
37	368	234
160	304	37
263	349	227
176	502	286
110	412	176
252	466	224
206	459	232
199	80	109
202	344	151
212	458	187
226	455	178
197	248	81
197	373	171
260	459	250
67	381	251
423	15	428
262	446	283
254	412	210
211	492	179
118	438	255
108	355	207
2	396	31
95	225	220
58	286	205
159	497	47
234	447	121
264	534	338
113	500	211
317	87	219
77	334	367
190	382	109
220	428	166
177	298	191
76	458	210
115	395	166
232	485	291
220	471	194
273	360	274
238	372	251
182	443	270
255	326	275
201	470	202
124	310	43
220	147	213
257	420	149
228	262	68
210	236	235
174	327	220
529	91	463
183	279	235
44	333	206
134	309	242
90	338	152
403	390	395
149	187	289
210	511	162
561	161	473
119	385	343
109	247	186
139	513	156
180	506	46
160	486	229
173	287	292
217	360	197
181	425	278
245	496	173
272	249	216
163	309	165
134	314	36
207	409	213
221	368	175
191	582	184
166	424	287
214	304	260
272	462	281
300	556	310
301	518	192
71	251	262
16	292	116
193	400	228
221	439	242
130	415	45
92	474	216
208	497	239
94	461	350
522	34	455
226	389	259
254	364	13
294	427	228
144	302	260
118	305	159
234	350	100
234	400	180
143	272	144
7	351	161
254	474	190
74	226	101
149	418	245
247	435	159
207	447	254
192	291	135
148	526	7
419	119	337
138	406	146
207	439	28
312	52	328
219	486	217
51	383	217
255	304	258
201	399	239
124	456	176
167	435	154
288	457	285
208	260	186
130	327	178
165	318	313
324	427	194
115	245	232
253	482	258
191	393	236
186	371	214
241	393	332
518	226	458
193	171	173
154	546	36
477	92	525
163	440	189
117	457	8
22	430	218
156	295	263
175	348	211
147	407	245
173	224	180
60	382	126
141	500	219
186	353	218
183	291	193
214	428	165
78	505	137
190	331	278
239	439	257
183	282	335
63	276	182
183	362	257
435	26	440
207	344	205
636	137	480
306	353	273
234	430	349
252	468	168
337	443	260
73	372	124
156	213	30
166	439	223
120	300	123
143	403	293
140	357	137
159	249	267
130	273	240
95	283	230
127	369	63
150	480	257
245	402	256
132	478	117
38	273	282
209	154	328
130	305	64
246	73	384
111	423	242
152	432	190
87	414	180
214	237	249
51	453	285
336	445	331
189	363	239
270	425	210
244	373	218
266	436	266
2	503	274
133	315	212
216	535	287
381	114	402
106	378	231
277	418	270
254	560	199
26	346	222
226	363	2
237	377	242
172	391	330
188	400	314
168	473	135
240	448	279
160	360	148
231	453	211
346	401	335
188	345	186
229	388	241
25	426	193
102	369	316
7	252	63
249	487	234
221	449	214
197	496	261
589	53	434
149	342	305
97	436	198
202	406	196
209	224	301
291	436	203
565	183	498
187	429	115
194	465	120
166	488	299
261	447	146
155	291	195
142	403	36
424	356	410
135	243	222
283	355	351
172	82	223
67	293	274
281	483	342
120	373	198
169	392	61
53	301	23
172	410	102
167	239	135
133	370	272
77	290	216
258	398	216
93	300	106
226	432	61
21	359	223
536	225	439
93	316	198
191	506	251
238	521	219
192	235	292
130	314	230
70	331	296
267	248	232
280	349	282
101	455	138
238	190	289
149	13	106
105	303	216
206	411	303
144	493	260
223	404	199
98	445	245
197	443	109
576	72	411
26	120	349
182	481	163
27	387	80
220	490	289
296	412	276
243	488	233
275	172	234
203	363	172
123	222	325
147	527	296
258	434	134
176	336	193
110	448	117
159	492	212
117	166	260
226	427	265
500	88	530
379	213	199
635	161	515
233	441	323
122	320	79
132	353	26
117	319	320
201	378	308
180	262	276
115	390	258
379	54	479
138	413	279
175	393	89
209	445	271
96	362	75
172	250	313
152	366	210
414	242	229
530	271	500
191	15	285
155	455	177
70	335	170
192	493	279
185	340	157
172	339	199
12	332	27
226	357	223
293	418	185
230	542	282
473	106	485
204	462	200
576	45	445
168	170	288
196	410	214
222	438	187
222	215	296
278	450	263
123	504	239
247	417	130
57	137	21
175	408	253
82	374	235
511	171	469
277	359	227
188	424	10
183	277	278
217	378	268
286	492	177
110	365	203
94	435	162
66	347	291
122	272	201
182	470	166
228	514	285
249	348	251
251	544	147
19	283	133
189	331	194
175	436	252
161	368	177
116	320	152
131	374	116
193	481	56
316	224	315
154	363	172
125	154	353
186	474	197
75	290	211
189	460	290
462	333	507
230	414	38
194	217	273
216	174	56
93	326	279
69	298	307
118	345	252
141	454	80
251	117	160
26	467	182
176	422	287
198	385	296
189	379	149
88	466	212
158	408	175
266	414	178
122	334	172
74	291	148
129	500	269
289	444	223
424	172	542
32	368	207
112	348	190
475	120	516
263	70	212
118	359	303
219	410	231
267	480	211
247	465	151
11	256	275
267	341	259
494	216	443
231	444	171
160	493	84
177	286	204
183	293	280
99	397	266
351	388	267
274	420	152
244	398	246
14	524	7
147	465	172
269	445	301
205	376	320
209	175	337
265	346	279
128	322	4
53	435	199
244	419	65
276	463	268
58	420	214
137	314	243
218	426	89
246	361	186
462	401	404
292	553	243
212	413	302
166	368	109
202	385	127
14	304	272
272	376	82
255	482	240
275	303	133
568	2	449
41	361	181
166	228	200
286	531	236
145	403	251
166	537	216
245	231	333
181	448	226
186	91	195
268	285	273
133	486	75
61	274	206
224	218	164
291	482	301
21	286	309
134	214	239
251	388	222
157	398	111
56	332	247
295	340	261
122	415	263
175	469	313
152	193	229
153	431	167
172	331	116
508	240	489
227	430	259
292	529	86
128	389	269
94	387	1
174	236	197
238	392	232
224	380	157
167	556	230
270	438	232
155	504	190
167	423	27
188	297	335
202	331	195
496	194	266
338	447	292
55	141	105
7	474	262
143	506	162
138	422	98
240	255	233
260	323	300
121	326	277
183	320	263
257	505	67
190	526	184
379	137	267
121	342	160
87	323	239
168	357	205
289	338	181
55	377	115
241	408	295
164	418	246
304	415	300
222	186	38
226	636	137
201	323	291
300	454	218
13	333	290
348	492	166
83	469	91
232	378	257
51	335	193
346	426	303
153	442	182
440	445	427
102	401	212
137	100	248
197	452	310
24	424	234
213	274	232
201	411	179
108	419	235
164	249	83
197	302	111
198	477	82
226	298	35
184	108	321
160	136	201
144	442	97
142	395	100
206	456	208
75	386	304
92	276	237
212	465	203
219	480	138
197	388	232
279	156	217
575	323	589
230	241	63
127	536	181
295	420	48
209	443	268
146	189	194
103	327	123
83	476	209
474	38	541
248	406	179
210	357	76
244	518	197
316	520	207
18	331	76
234	107	201
207	437	152
200	331	40
228	511	103
54	407	183
548	203	480
164	296	134
115	440	192
168	476	114
219	349	271
11	33	213
652	403	618
112	181	97
152	405	219
286	449	326
25	557	155
420	167	412
159	391	143
252	402	216
163	304	346
38	285	174
202	377	67
236	460	302
230	393	213
5	368	90
266	333	213
219	409	327
326	356	286
79	319	120
208	445	175
251	297	149
215	365	261
216	411	293
160	239	154
147	409	147
89	461	232
161	364	134
178	455	291
206	302	299
38	401	245
139	368	204
225	410	189
477	88	460
129	445	151
9	494	64
229	396	305
63	429	95
210	430	169
247	253	258
228	394	165
218	371	256
161	479	120
256	454	171
190	442	123
265	280	270
178	426	292
206	451	288
181	372	241
180	433	201
219	529	4
603	175	446
185	412	264
459	40	400
222	362	60
178	266	278
320	539	144
219	342	273
104	420	176
170	385	215
183	484	289
76	343	58
161	232	227
213	544	269
66	245	294
214	421	260
230	462	277
79	415	290
201	440	127
358	248	135
208	608	254
477	63	209
141	465	112
111	411	228
235	142	191
78	388	164
252	367	212
81	290	298
257	454	200
115	377	259
180	478	195
525	30	380
186	339	214
71	352	269
176	280	15
149	378	149
81	320	328
182	315	384
226	355	52
191	494	131
248	459	135
317	465	224
58	465	142
209	388	77
497	130	496
126	396	253
207	267	112
178	335	319
100	208	286
281	498	271
227	340	279
162	334	95
252	428	191
160	125	75
217	492	165
16	410	62
121	423	137
250	337	214
90	467	109
121	348	155
79	491	281
246	404	170
211	400	194
185	310	59
200	468	292
48	9	274
37	376	179
76	188	301
463	22	557
224	344	274
184	377	207
225	216	175
183	472	266
239	192	183
171	447	175
447	27	489
265	295	305
245	472	218
187	472	282
178	223	186
150	308	183
158	255	234
442	80	270
339	399	163
4	151	255
245	288	256
207	466	159
189	386	135
208	383	306
173	364	297
225	236	271
275	526	246
168	402	155
170	387	87
206	400	275
258	295	299
167	391	325
105	472	132
191	476	203
129	330	182
236	362	92
409	111	492
166	462	330
182	210	241
323	450	324
205	343	38
193	334	249
21	295	255
251	492	264
14	483	189
262	282	155
212	364	132
37	369	275
249	493	221
172	385	298
162	198	266
86	338	261
233	310	56
127	410	74
124	423	98
127	384	19
253	375	264
220	410	224
267	462	91
139	383	252
284	489	287
170	316	118
428	170	449
91	383	166
243	464	75
190	313	56
266	300	174
250	374	258
106	452	137
121	219	265
188	303	95
203	321	316
568	321	488
300	321	296
188	358	155
259	153	46
146	355	162
227	371	255
149	300	213
228	415	242
158	314	285
199	481	199
201	258	198
74	246	16
146	410	265
385	297	434
240	335	200
198	489	62
512	97	489
210	386	168
331	408	284
149	502	165
168	401	11
236	343	151
245	446	245
273	434	208
68	399	237
200	444	181
267	492	147
104	424	193
97	235	120
57	499	34
174	363	159
222	457	39
378	246	407
114	333	99
225	301	202
248	211	175
176	427	291
180	385	100
65	387	200
221	437	49
250	366	101
236	473	234
241	291	54
174	466	185
281	375	95
216	489	191
222	348	220
203	428	283
249	407	315
53	405	227
227	366	295
64	212	26
145	298	235
187	382	157
39	402	161
215	412	109
146	176	221
200	354	329
131	428	208
104	356	115
174	340	269
232	424	275
92	276	265
130	371	119
83	509	223
110	474	90
206	240	269
149	353	225
51	536	236
207	289	22
189	351	186
6	451	257
41	347	201
61	516	70
259	399	54
267	437	361
295	541	136
213	417	218
161	346	226
73	465	237
121	486	247
218	441	325
209	417	220
74	407	342
239	383	256
139	332	100
136	374	247
258	402	143
221	350	183
412	84	481
78	428	162
67	427	227
37	445	223
4	335	103
184	390	21
248	484	259
248	420	228
238	480	174
215	479	25
183	374	103
222	585	221
261	473	195
116	266	158
193	374	169
105	241	64
202	359	279
241	338	224
249	350	246
37	289	226
20	419	154
464	126	431
216	456	259
166	336	330
543	267	546
245	407	276
185	528	272
148	356	263
34	211	152
85	413	285
182	371	239
219	386	226
275	443	245
250	429	290
23	248	61
121	412	309
233	489	264
209	325	198
234	336	225
28	396	313
137	404	292
53	68	268
224	260	204
92	460	239
97	338	145
169	456	168
228	376	175
231	489	343
204	411	226
102	464	218
50	212	42
438	186	464
202	371	216
192	470	347
201	489	243
50	385	235
140	256	340
264	437	204
235	454	245
233	231	24
211	404	172
215	341	126
219	438	288
222	335	267
484	180	467
68	165	207
235	508	90
163	426	306
240	363	291
206	432	300
249	453	308
256	219	304
262	467	231
224	453	234
243	180	229
344	120	440
85	254	258
184	146	72
270	218	306
255	500	289
172	366	291
175	363	39
97	378	300
474	3	364
564	106	549
108	281	210
261	432	191
200	373	107
234	407	158
220	374	222
212	435	46
127	284	156
176	400	283
168	330	171
606	130	461
257	417	220
18	343	297
301	415	180
262	461	272
322	510	253
233	352	175
182	387	147
179	263	274
128	285	274
187	350	244
237	334	49
82	405	131
108	529	179
10	384	54
69	286	272
199	291	253
99	428	133
203	456	260
247	426	324
246	293	120
176	350	279
107	280	116
123	360	283
179	384	208
150	444	276
205	417	167
208	553	230
131	482	301
204	292	228
280	478	224
126	325	153
186	421	176
127	487	216
202	274	266
225	463	44
236	384	151
251	205	213
276	313	151
70	313	134
29	359	62
208	376	199
230	463	87
139	221	251
132	421	227
177	440	236
148	358	262
188	290	324
222	444	77
309	491	184
269	503	189
535	204	417
172	437	199
273	291	111
204	365	265
458	94	238
133	284	338
155	430	76
244	336	49
193	279	332
103	390	163
180	451	193
139	445	20
183	355	229
99	214	108
178	351	117
202	254	175
183	565	252
235	373	198
283	400	227
199	419	32
203	213	88
210	484	293
179	437	238
235	483	301
142	369	236
228	353	283
158	329	249
336	439	262
153	384	220
204	301	215
147	366	199
184	243	132
522	182	550
215	461	327
284	284	235
123	307	80
219	465	141
214	331	121
154	464	321
156	506	272
177	405	290
212	299	201
213	473	229
369	267	335
188	389	18
215	290	191
131	374	184
412	172	357
191	375	222
200	506	3
198	406	270
285	293	243
160	347	269
221	409	202
445	280	432
239	360	270
189	314	269
67	423	171
135	400	48
154	323	240
160	306	218
149	492	41
237	422	190
208	456	283
498	400	241
210	261	322
160	289	299
126	336	180
220	483	272
115	451	137
92	342	224
213	278	174
145	432	223
134	376	151
109	412	210
174	210	191
250	204	214
184	350	180
152	524	107
198	393	152
68	283	16
196	350	247
186	365	18
208	198	112
175	441	212
256	465	76
241	456	323
5	367	218
167	339	170
234	391	174
260	356	221
166	266	263
229	450	67
27	295	132
211	520	178
218	403	223
212	468	265
135	402	152
32	443	239
244	457	168
86	581	210
55	226	144
28	299	121
179	335	184
164	297	265
260	523	267
292	431	27
90	252	266
259	492	185
246	448	132
104	358	285
232	302	225
639	256	510
207	307	329
279	435	230
1	360	314
166	355	55
430	87	458
257	507	339
243	362	284
230	439	135
137	280	130
131	411	194
184	304	260
244	423	238
284	417	148
291	433	174
204	334	162
276	530	230
180	414	261
285	354	231
215	374	176
152	306	53
248	381	213
233	410	22
221	42	283
221	258	219
196	524	228
106	317	156
117	369	241
112	216	244
208	454	264
15	250	234
42	324	211
174	244	57
82	347	88
219	499	329
200	304	209
216	352	206
196	470	116
101	415	239
188	266	133
96	433	264
80	412	243
153	283	269
171	325	30
246	328	204
169	386	205
628	273	207
208	214	155
257	396	301
200	520	260
262	448	34
106	301	298
567	152	486
260	511	310
213	404	225
134	377	71
247	407	243
226	362	145
206	419	230
189	333	197
159	242	117
225	406	264
181	442	173
115	366	51
245	318	300
168	477	196
233	415	101
211	468	247
161	417	229
119	227	274
246	395	246
292	275	268
277	393	242
135	502	184
178	377	98
236	495	315
262	368	279
144	44	109
212	299	225
171	437	175
123	489	267
214	413	179
152	208	256
220	359	35
17	369	33
124	374	384
261	389	106
66	374	209
258	23	64
172	477	229
113	458	271
68	278	189
582	70	475
535	201	506
168	372	245
504	97	485
151	298	205
253	361	159
151	353	188
58	411	318
417	122	432
161	264	246
211	428	197
246	454	249
21	461	285
106	282	343
501	24	247
183	443	3
232	100	219
174	359	190
162	1	115
139	447	79
145	293	264
156	268	78
251	420	68
197	409	139
257	255	76
371	384	330
144	232	245
160	467	280
174	418	253
9	376	234
103	451	281
193	486	257
189	450	103
264	366	230
128	421	267
236	289	261
201	390	219
240	484	236
54	481	181
100	242	224
226	32	245
236	269	239
155	408	229
76	358	169
166	418	232
182	408	102
178	483	243
297	187	131
180	13	278
191	394	222
268	257	27
177	492	33
217	539	287
132	460	283
486	105	155
157	489	92
164	431	344
206	423	169
189	301	254
58	320	153
183	393	317
225	431	101
36	245	164
44	362	228
317	456	292
232	499	143
128	252	137
245	349	240
188	263	74
208	433	325
218	315	125
163	390	155
200	448	324
152	363	240
119	265	256
265	420	182
182	256	310
195	423	210
158	361	47
242	455	192
174	327	163
230	309	195
179	400	192
213	421	111
192	146	320
213	520	304
492	415	459
173	489	197
82	458	86
225	408	112
265	482	271
189	391	47
203	457	126
206	347	131
205	453	205
244	573	161
139	411	107
249	465	310
188	342	203
211	346	267
210	196	232
307	317	317
169	503	225
262	514	159
225	353	261
504	85	453
109	401	280
266	306	102
221	402	278
175	355	303
191	320	220
209	438	57
112	398	312
157	357	309
219	340	249
168	218	246
143	497	29
59	415	302
247	371	87
257	387	204
168	353	234
68	429	154
153	273	214
172	230	263
20	471	279
209	230	184
550	216	462
23	383	13
205	420	43
155	408	148
181	421	41
204	388	114
16	390	318
124	225	137
128	375	5
520	156	522
137	375	344
211	224	270
167	193	89
294	408	232
31	233	267
194	361	240
268	468	262
144	230	171
157	345	296
328	445	365
44	446	162
154	459	279
74	182	11
225	473	353
258	387	271
102	297	211
159	521	353
35	456	298
202	172	213
123	371	158
272	160	276
154	444	203
58	305	289
242	432	189
282	334	284
218	413	171
248	276	282
228	384	123
146	348	211
268	291	241
237	395	212
244	335	125
158	356	88
239	465	331
118	200	101
210	238	96
80	371	256
207	470	324
193	411	82
251	467	159
148	460	49
148	479	130
115	430	6
174	453	158
422	145	499
260	400	182
178	400	207
226	450	166
178	284	100
207	295	66
230	441	157
153	472	128
182	419	190
235	467	218
171	439	263
16	421	174
222	431	204
153	440	284
167	266	241
188	226	119
88	441	322
219	358	105
123	272	182
228	14	77
105	341	271
99	438	306
194	380	233
237	236	311
463	247	350
168	493	319
471	72	504
230	341	201
275	442	67
468	36	475
194	471	199
95	463	75
214	433	174
239	413	145
179	498	152
100	472	303
141	361	68
251	391	192
249	364	299
184	318	113
508	105	495
199	430	46
171	471	195
87	346	170
159	125	176
145	402	286
95	395	39
213	342	322
234	296	125
141	275	228
228	426	241
213	379	201
101	468	226
105	353	188
265	377	303
63	208	195
234	387	36
113	353	295
212	359	113
147	199	194
257	507	83
86	348	140
210	444	280
305	581	267
213	381	246
253	466	175
176	476	271
119	310	227
503	184	462
199	239	95
197	238	295
178	382	210
203	530	120
12	481	104
166	387	161
152	475	299
145	254	119
139	431	161
188	420	220
214	370	295
126	491	64
197	416	190
239	322	107
151	244	125
186	394	272
168	499	214
191	340	371
252	454	220
192	454	195
270	485	208
248	408	150
65	384	104
310	283	183
189	327	179
138	315	263
120	182	193
68	383	256
93	432	216
150	314	162
121	358	274
171	489	238
171	334	92
175	415	189
243	435	306
227	376	242
230	502	264
203	434	206
164	407	79
61	413	195
258	438	288
238	576	166
79	403	139
236	438	359
313	523	307
132	428	107
232	302	91
192	509	324
65	410	137
131	430	258
92	417	168
64	410	241
58	236	198
258	467	269
241	427	254
145	187	202
142	411	85
230	480	291
301	368	290
295	300	208
90	508	325
152	385	102
94	459	215
622	238	510
196	455	178
187	506	93
156	432	160
212	410	268
166	475	110
245	327	308
214	418	260
301	403	242
261	481	146
155	470	203
187	316	223
253	450	91
11	452	148
165	288	245
163	17	14
294	369	298
204	478	303
188	306	293
149	467	248
207	243	168
172	368	194
107	437	224
194	408	168
181	511	279
172	432	251
214	414	259
58	345	195
289	432	201
182	452	301
58	415	12
170	365	216
219	368	269
73	254	247
323	276	269
232	408	243
178	411	208
59	345	322
226	421	31
184	378	278
71	242	101
215	457	156
197	426	204
201	389	267
190	467	286
389	120	267
114	23	193
205	485	313
301	350	237
305	431	100
129	224	286
159	397	101
80	265	293
144	429	100
223	438	237
292	552	130
179	415	327
214	268	176
153	384	283
114	105	20
203	363	293
284	438	277
129	321	4
171	411	11
187	422	141
225	410	232
119	380	327
279	339	52
288	417	208
284	543	165
234	416	288
94	466	174
156	312	227
200	420	177
224	280	314
126	440	276
152	325	191
166	242	9
296	471	301
298	574	292
214	378	266
90	277	139
261	498	86
165	363	204
479	179	474
209	142	237
183	367	293
261	445	106
12	401	128
180	513	34
116	553	300
261	517	330
199	103	324
237	190	218
178	387	292
126	431	115
201	476	282
236	501	259
148	369	125
222	431	292
71	355	231
68	545	231
103	452	153
179	407	209
298	387	140
169	371	102
225	204	197
53	450	176
182	308	171
182	224	247
210	484	116
62	430	184
118	364	193
139	375	243
464	20	445
216	437	170
45	388	261
150	249	240
295	450	216
185	228	283
164	333	207
192	365	165
511	393	593
229	504	243
293	394	289
201	316	156
134	324	292
103	328	153
149	473	33
102	340	178
138	426	229
152	416	184
256	479	243
238	490	170
151	406	201
290	474	255
210	376	177
169	453	271
189	270	180
256	327	139
190	357	223
143	300	134
219	413	307
275	454	192
204	475	139
242	485	15
293	295	6
233	419	17
280	474	235
232	477	216
206	429	141
145	259	157
255	528	186
211	162	196
249	475	136
36	361	175
200	36	231
306	467	325
199	537	130
230	395	242
130	416	247
151	421	296
71	416	303
129	193	258
229	324	232
174	351	122
236	327	113
143	421	183
317	457	297
98	446	285
205	428	125
158	432	238
266	429	192
203	354	225
212	480	218
219	314	191
432	98	114
208	331	315
476	335	443
159	321	276
245	334	188
497	131	434
251	470	111
207	455	86
67	455	280
201	295	183
289	401	197
146	275	235
127	501	26
70	301	215
133	376	312
327	415	300
338	406	306
230	431	289
134	354	163
263	172	225
200	361	250
136	440	238
185	190	268
230	409	107
115	439	158
212	378	350
247	509	157
196	427	222
288	297	334
71	385	226
208	265	312
506	11	459
246	327	28
253	385	42
143	451	175
54	452	182
247	306	226
304	502	164
270	263	225
258	327	174
167	291	264
20	350	270
206	274	302
296	343	285
243	410	258
234	509	249
145	438	289
456	68	421
468	212	392
30	407	34
188	413	246
99	311	115
171	396	262
166	311	269
246	424	97
590	238	448
251	500	284
96	383	124
237	371	172
123	224	281
158	551	84
500	95	465
550	261	510
105	472	277
200	524	142
285	517	283
212	401	289
71	557	232
142	356	268
186	370	337
218	456	208
50	444	190
116	387	169
301	501	249
231	350	300
150	522	258
297	465	270
259	394	162
72	462	123
348	125	475
526	78	119
45	344	281
142	443	138
185	496	55
56	359	232
67	385	182
510	186	461
485	63	483
172	322	301
210	343	132
151	250	111
162	411	214
141	105	300
152	423	92
172	523	162
244	360	154
159	498	119
531	202	558
217	411	315
172	311	146
215	341	147
278	412	69
329	404	384
156	474	239
180	498	64
200	347	110
78	406	254
203	430	193
36	263	221
196	442	254
67	323	33
226	428	8
103	334	240
171	439	168
69	466	70
157	440	243
134	320	207
210	264	290
135	393	269
233	337	341
156	232	267
595	143	441
166	109	270
114	149	169
231	398	100
195	506	320
211	378	4
186	325	256
45	355	263
260	477	99
177	452	281
43	125	214
135	278	269
31	405	86
168	430	313
288	389	302
286	513	316
44	360	183
261	439	283
262	389	168
149	169	103
175	426	249
129	218	193
278	190	226
235	411	138
204	393	202
214	459	28
4	349	232
274	466	208
248	389	202
159	264	254
244	330	203
211	122	116
134	157	241
562	205	517
176	486	271
122	406	47
204	291	152
131	320	164
23	239	50
163	243	238
127	212	24
279	422	232
21	378	323
292	392	252
208	278	97
98	323	224
23	275	232
182	264	199
60	444	260
562	356	509
120	353	288
152	395	305
132	416	157
76	61	206
42	233	158
23	283	258
161	378	290
216	397	312
266	525	140
172	396	130
226	311	213
101	340	119
170	511	129
206	435	173
176	347	117
272	363	179
183	398	93
252	384	216
332	422	337
148	477	81
282	398	245
200	300	154
175	298	13
203	502	253
271	416	247
87	375	303
127	189	229
243	350	151
471	72	520
62	310	187
207	233	186
9	393	104
171	311	88
154	444	270
130	335	162
175	430	33
35	443	274
32	410	355
25	356	294
136	430	277
256	447	244
155	326	241
168	351	109
119	373	236
183	331	228
238	373	224
269	391	275
87	380	103
144	319	275
240	423	283
137	362	179
113	97	249
232	533	236
233	480	294
13	370	103
183	454	324
218	518	183
231	478	170
197	422	60
216	415	146
238	533	161
298	461	102
318	455	102
207	377	272
51	409	302
163	317	279
190	532	256
166	81	193
222	392	32
168	427	287
57	320	266
253	556	245
215	523	179
156	387	219
147	402	115
68	434	36
55	334	152
403	362	304
115	484	179
207	477	152
199	413	246
158	381	212
217	335	187
192	510	218
174	427	231
163	321	188
508	204	194
148	367	246
136	422	313
264	418	104
181	412	172
8	366	152
205	270	123
61	407	238
6	311	285
499	386	548
235	449	152
93	322	252
190	436	300
117	490	91
64	338	117
73	187	197
195	275	172
465	244	456
149	465	179
541	431	553
193	354	184
359	408	284
249	416	27
174	370	132
215	425	184
71	373	194
161	478	157
551	49	445
68	436	219
168	503	354
88	342	290
157	291	183
197	357	339
165	307	161
61	496	188
566	218	531
115	432	148
145	419	83
159	385	58
156	296	202
244	358	227
142	459	259
147	321	208
131	195	272
273	432	88
490	56	340
236	382	264
181	417	207
195	434	66
220	330	220
124	349	299
245	479	278
487	85	442
134	338	314
24	362	255
197	415	186
174	71	205
218	305	280
189	200	236
230	317	115
201	451	204
230	539	258
198	499	184
172	245	64
146	213	188
258	422	74
188	357	60
343	43	278
156	308	261
172	351	130
250	332	273
188	275	255
119	347	124
31	338	194
190	360	245
540	142	473
116	93	146
169	315	254
172	524	263
50	323	142
243	431	168
92	321	219
143	359	125
121	401	42
208	273	254
163	321	121
158	368	151
138	484	224
561	224	377
486	157	432
67	383	123
249	322	18
193	448	76
229	382	298
187	395	256
149	318	258
126	153	241
70	417	179
194	324	218
553	167	376
209	416	39
524	33	458
230	485	114
244	398	159
163	336	198
548	276	417
192	422	111
218	400	97
100	452	229
203	378	119
250	456	71
207	400	139
145	222	352
189	435	159
215	522	26
268	366	275
130	428	116
177	361	231
111	369	141
166	431	204
282	548	241
247	374	280
486	73	509
243	476	272
219	369	273
50	344	140
92	316	79
256	326	268
193	248	193
515	160	530
286	481	213
254	178	58
104	400	113
114	261	181
177	328	200
267	422	92
168	448	247
219	406	159
54	346	299
483	325	426
206	262	172
155	405	215
193	439	240
139	302	178
258	497	301
146	390	57
197	387	194
73	447	121
94	276	136
197	326	242
202	263	183
43	351	212
178	475	256
260	533	87
154	388	137
207	349	56
243	372	182
193	352	219
117	532	230
56	499	229
227	357	74
207	373	242
101	458	287
139	228	312
181	470	235
151	451	299
144	380	103
129	359	95
145	230	342
242	331	262
157	516	247
95	137	295
214	392	272
224	444	183
86	291	167
176	446	203
247	465	301
528	431	482
23	299	295
69	382	229
269	340	338
225	331	127
306	456	288
237	423	175
163	413	177
185	324	295
180	230	106
258	310	270
38	373	258
316	437	332
25	209	162
194	333	301
70	473	121
125	402	300
183	350	148
265	420	206
105	422	252
60	175	185
289	519	234
97	269	299
92	394	257
242	264	296
395	10	263
549	198	476
240	420	226
163	324	219
18	447	290
251	296	108
192	462	226
574	217	387
174	467	159
121	347	97
205	393	221
165	412	170
156	411	228
101	190	152
53	402	174
140	440	212
178	197	26
138	338	311
588	203	565
99	434	55
116	147	101
123	427	350
267	322	142
220	345	226
486	186	456
505	13	492
197	388	270
457	74	434
137	426	141
201	355	213
158	349	291
57	423	269
204	398	280
72	350	322
126	240	67
70	406	81
214	500	182
87	235	214
250	493	180
240	303	306
99	286	7
199	423	204
515	120	481
121	362	299
128	422	253
215	520	122
215	326	186
242	500	283
207	261	220
251	432	238
148	375	168
201	405	145
194	373	244
130	470	194
204	436	198
480	5	429
473	101	257
158	317	302
126	242	174
179	410	243
206	496	254
3	371	227
192	294	61
95	479	241
220	209	314
235	303	161
517	115	523
134	300	279
496	28	512
92	521	232
169	345	275
178	123	139
49	455	139
263	422	152
154	359	95
166	406	300
252	246	250
31	292	124
148	304	149
254	474	269
179	450	59
81	289	264
218	540	186
265	427	254
178	474	285
191	326	267
122	319	32
