FL1-H	FL2-H	FL3-H	FL4-H
32	0	0	772
704	704	508	283
194	742	303	731
669	699	141	243
707	785	0	233
704	779	0	220
107	753	136	746
34	0	111	713
232	196	62	779
18	739	32	741
680	728	65	341
0	876	14	773
57	790	170	789
276	0	74	691
125	561	0	716
206	353	319	361
0	730	0	757
0	656	0	706
242	209	0	690
135	768	0	832
664	0	259	243
0	779	36	819
146	892	0	792
177	287	0	718
161	0	463	715
194	634	0	761
678	633	0	147
225	113	197	759
233	209	0	743
174	102	0	729
99	52	304	722
159	45	0	711
0	879	0	771
0	120	0	742
679	795	0	204
98	777	0	781
126	801	0	755
128	39	397	720
104	135	51	737
84	793	124	774
89	226	105	690
75	205	59	772
3	752	20	805
99	756	0	812
130	781	0	770
188	92	245	311
0	810	71	763
206	772	0	776
24	656	8	742
56	488	217	739
267	8	0	720
671	145	179	83
780	1009	845	238
238	753	466	743
241	132	11	386
208	250	0	794
0	817	0	777
0	845	284	751
143	782	0	752
733	816	0	59
170	694	0	796
0	127	0	686
184	120	55	702
175	155	0	755
14	838	0	805
203	187	93	750
0	816	0	812
167	660	0	777
684	719	0	285
215	147	90	745
253	0	390	464
193	628	55	757
212	281	0	740
190	178	126	708
119	700	17	785
169	538	0	741
707	727	0	165
701	636	0	193
83	784	0	784
103	0	0	764
124	200	0	707
0	828	0	748
661	746	51	249
105	8	105	719
90	628	70	757
190	140	0	715
0	229	49	739
189	225	0	621
0	727	0	721
71	427	269	734
0	0	53	690
0	819	0	801
33	0	547	660
238	556	35	763
177	0	322	714
182	760	112	800
227	60	208	735
244	527	158	753
0	805	0	761
0	252	0	719
17	102	333	685
270	741	404	810
129	120	0	687
248	233	14	756
0	814	136	761
199	676	32	753
0	801	130	757
64	634	0	751
204	142	85	727
199	825	371	791
207	246	306	652
167	272	47	697
0	778	8	768
9	832	0	772
632	694	253	250
82	15	0	736
0	775	0	752
138	840	148	781
31	879	0	813
198	745	106	796
647	1005	511	395
28	0	301	643
249	0	55	722
0	800	0	796
185	669	277	813
57	781	4	737
0	660	202	736
222	726	19	781
96	687	31	758
0	795	0	754
193	439	0	748
121	682	0	791
90	680	0	743
677	733	223	105
235	248	111	684
123	127	0	736
0	807	0	729
529	1017	787	757
237	0	476	633
96	0	421	707
180	250	2	807
0	792	0	730
147	61	0	793
107	216	59	662
0	198	262	738
132	51	136	696
0	828	0	825
293	124	203	741
201	783	296	757
659	705	0	105
0	44	237	715
166	146	0	714
279	781	22	791
67	652	0	768
740	730	46	260
96	204	195	763
101	742	11	751
151	231	0	729
134	733	111	743
94	892	0	819
111	808	0	762
17	821	0	750
149	823	0	793
31	736	56	770
191	0	308	784
122	796	199	782
0	652	309	789
136	767	0	751
127	213	31	350
74	728	549	762
246	0	455	697
0	221	0	724
212	135	0	698
6	830	0	756
171	0	280	394
0	654	83	750
288	0	558	719
675	740	124	220
0	768	0	757
149	759	0	779
73	863	99	770
0	923	0	775
125	771	0	770
175	0	230	330
2	637	118	756
181	62	32	738
109	770	37	774
0	893	0	763
141	255	1	735
672	870	0	196
205	206	101	673
691	582	0	0
189	161	14	754
169	254	0	759
583	168	0	243
0	851	0	756
0	786	0	801
0	822	0	733
0	812	0	755
208	734	190	755
159	733	0	751
160	852	0	731
152	112	183	761
697	759	180	145
272	6	173	732
0	661	0	805
0	795	0	740
135	632	257	773
222	268	3	385
154	251	77	733
0	722	0	764
0	812	0	780
701	722	0	179
0	834	0	766
589	0	514	0
220	75	0	742
175	560	0	748
241	0	372	712
126	746	70	772
0	872	0	747
242	158	0	716
634	655	0	246
735	770	0	262
0	680	424	765
46	710	31	754
224	187	62	751
204	0	376	702
70	806	0	757
112	160	64	675
62	740	0	740
79	765	0	763
91	301	0	759
113	746	0	792
736	762	0	53
78	727	0	745
202	665	100	779
144	17	214	715
241	791	0	827
179	63	322	388
148	743	0	797
77	555	110	810
155	198	65	732
98	797	548	750
0	718	0	749
0	801	26	781
158	702	0	765
666	690	26	207
285	0	539	758
153	0	503	687
123	0	167	740
301	147	129	739
0	811	43	785
240	705	0	752
139	4	297	343
180	74	0	721
0	747	41	741
693	934	0	203
0	790	0	708
56	808	0	712
269	89	0	732
187	354	0	650
206	732	423	749
91	56	194	380
242	0	285	745
228	321	0	719
0	828	430	770
164	73	136	744
700	652	0	49
265	0	29	680
98	227	350	608
197	157	127	343
0	761	0	748
0	911	0	763
181	878	0	748
22	0	725	659
218	0	83	739
86	766	0	766
81	0	0	727
704	670	289	136
79	11	0	718
0	761	74	766
188	0	0	767
243	21	0	726
0	706	0	816
45	0	49	734
136	0	318	713
0	793	0	762
258	706	0	759
0	853	0	782
259	0	554	729
89	775	186	759
87	789	0	797
669	772	0	261
98	305	0	745
125	919	0	795
143	223	0	726
0	811	0	740
22	847	1	760
238	619	0	793
17	632	51	761
0	844	0	737
138	0	109	767
135	0	100	688
129	764	0	777
128	781	0	740
104	186	17	688
0	889	0	765
41	203	161	731
212	309	6	702
145	733	0	778
73	828	0	754
201	148	196	751
162	0	138	795
219	188	117	738
706	766	0	155
197	0	447	713
0	853	0	755
268	0	448	754
74	0	276	341
115	706	0	749
0	839	0	722
66	0	34	674
54	794	0	795
262	271	0	724
0	772	227	776
215	119	1	691
161	189	16	345
188	0	440	717
0	879	0	745
713	764	0	325
180	736	0	726
124	797	0	769
174	0	665	723
226	161	339	379
652	667	179	252
3	829	22	763
233	787	433	776
110	765	48	778
163	0	61	722
94	0	46	677
623	279	0	218
261	655	0	791
211	10	248	703
21	0	171	265
0	777	0	821
169	227	119	367
664	684	27	129
103	0	263	746
709	784	8	231
98	775	0	804
146	694	43	746
0	229	0	704
0	727	69	761
164	194	113	342
0	817	0	778
0	777	0	736
216	224	260	722
209	1	326	767
50	865	5	726
0	776	0	766
106	861	0	779
238	0	0	829
0	737	0	759
31	778	0	739
45	301	389	540
689	750	0	265
166	73	383	353
131	883	0	752
116	0	597	731
173	206	0	716
161	213	0	764
218	0	418	741
23	649	0	739
0	101	67	696
44	189	0	751
235	0	361	407
0	732	0	755
0	829	0	775
214	892	0	759
0	619	8	788
69	815	13	738
173	73	0	750
202	711	116	748
93	0	107	792
0	0	337	712
0	736	0	753
186	0	314	732
196	304	43	646
690	820	0	119
192	92	3	759
77	745	341	773
204	238	83	674
108	792	0	753
282	0	313	707
91	514	0	778
49	764	19	755
212	30	285	378
240	0	541	785
275	651	27	737
126	30	0	721
264	180	349	717
79	879	0	753
0	754	39	767
240	0	131	741
170	815	0	765
79	844	0	746
190	256	81	364
130	720	342	753
213	0	505	733
253	39	354	320
133	806	95	734
0	786	501	806
0	767	0	753
205	0	153	706
107	147	79	730
84	772	103	763
242	0	272	742
680	794	269	95
0	736	0	769
219	113	0	733
294	159	0	724
268	771	295	795
0	727	0	773
247	702	25	746
6	836	0	746
168	735	33	712
33	108	193	701
55	749	0	749
154	279	0	719
216	0	713	801
45	668	76	720
196	615	0	736
184	211	290	738
66	130	65	712
190	0	351	682
42	750	0	778
0	242	0	731
0	829	0	745
245	278	208	692
158	161	0	726
235	143	0	741
127	0	241	719
249	101	399	775
201	641	40	735
670	747	0	213
43	671	0	752
229	182	0	692
158	0	171	774
138	55	199	719
25	889	209	743
206	0	0	722
180	708	0	766
26	226	0	750
0	807	137	747
0	789	0	745
659	769	0	263
174	216	244	716
233	689	35	721
135	81	0	716
100	824	0	755
140	34	105	715
162	274	0	739
0	788	0	768
191	807	0	745
124	759	0	793
0	848	0	756
152	771	0	763
15	688	0	738
0	771	5	787
19	718	152	755
0	815	0	803
0	791	0	763
202	190	153	751
129	120	0	752
243	759	93	744
652	829	58	290
89	0	116	694
150	147	0	724
124	21	207	306
138	768	4	750
114	0	159	750
105	866	0	775
207	15	262	734
134	209	0	721
67	121	69	705
688	806	0	38
139	812	0	758
0	791	226	784
377	1022	609	802
0	682	42	753
208	0	222	712
109	439	358	701
207	35	130	754
0	903	22	719
5	838	0	716
0	709	9	770
272	743	0	773
0	763	0	763
271	799	0	792
213	0	693	714
663	812	138	82
239	764	0	762
147	740	0	797
0	778	0	768
207	768	163	831
198	246	0	713
189	0	113	767
154	20	17	716
32	746	118	737
59	173	0	739
260	260	503	678
187	827	0	714
0	107	0	706
247	239	0	768
0	811	152	663
168	847	33	770
61	55	233	724
172	225	0	688
0	796	87	763
77	213	7	599
481	1008	686	763
107	0	574	698
144	220	85	730
78	694	0	759
673	739	85	166
653	774	352	234
171	707	0	739
0	760	0	751
162	0	596	765
222	41	20	745
157	752	0	797
124	878	365	800
263	199	132	743
713	823	0	172
0	900	642	745
161	337	0	661
644	231	190	224
146	0	536	750
184	801	155	767
238	847	49	736
260	578	0	753
77	833	0	782
274	0	270	732
195	678	62	782
659	817	0	218
94	812	0	762
683	767	0	157
0	812	10	768
103	840	0	794
0	896	0	792
127	0	37	776
0	740	60	773
59	778	0	728
147	277	0	757
209	0	192	732
214	0	638	707
187	233	0	713
244	82	126	681
0	810	0	785
159	0	348	382
258	189	0	715
27	695	0	766
165	72	0	702
218	223	140	710
24	790	0	786
194	27	27	704
0	834	0	788
115	783	0	744
127	721	0	773
205	158	431	730
48	803	0	731
197	3	588	704
136	19	0	675
227	718	0	733
96	311	583	710
250	55	0	699
230	103	0	725
280	0	446	736
67	525	355	741
0	760	0	739
224	708	366	761
213	752	0	773
248	0	111	722
243	40	227	707
175	569	19	739
665	716	40	279
241	0	282	716
104	743	0	765
0	666	0	762
122	7	140	726
90	159	0	716
718	738	0	292
666	741	60	188
0	818	0	768
102	201	0	672
217	165	0	694
10	117	0	692
34	880	1	763
241	83	106	724
137	0	122	815
669	109	0	264
0	745	70	782
713	832	0	229
98	21	124	719
0	799	98	754
309	681	0	770
278	0	250	383
37	232	0	730
0	799	0	752
5	769	0	800
114	0	71	755
104	294	0	714
224	0	164	715
111	701	0	763
80	0	167	721
107	115	238	261
265	788	105	720
151	802	101	792
93	771	221	761
624	0	514	208
172	688	268	689
193	233	0	725
88	669	28	754
49	836	30	808
81	116	154	392
208	676	0	800
276	114	598	696
0	770	0	788
61	905	0	765
0	612	0	737
246	789	0	771
0	831	0	771
676	773	86	0
243	195	0	708
310	0	122	748
166	804	8	771
626	721	278	279
202	690	0	788
210	297	0	705
707	802	132	210
277	603	141	764
0	919	0	766
164	762	0	742
0	687	0	780
222	656	0	755
220	215	224	722
208	0	499	726
183	235	0	703
168	0	130	745
268	0	377	635
224	165	0	731
202	178	250	713
0	775	0	821
128	162	9	720
183	0	117	771
0	794	0	797
140	247	329	705
700	647	596	242
774	997	969	0
0	765	0	750
0	0	322	743
0	0	14	693
118	172	222	711
269	0	191	709
0	748	0	803
38	818	0	766
22	755	0	803
149	804	0	779
230	159	27	724
104	656	163	751
298	288	349	695
185	43	599	747
168	429	160	347
242	668	300	781
663	687	0	183
108	601	0	749
99	218	0	743
275	228	0	738
125	755	28	735
0	749	0	754
675	842	256	153
61	129	20	710
181	0	563	349
106	781	74	792
140	127	109	756
209	664	0	763
65	749	0	790
0	797	48	785
635	119	0	278
35	636	421	755
0	791	0	722
223	703	0	761
515	1012	747	709
141	249	82	331
110	151	80	299
665	610	189	278
638	858	172	313
0	820	69	755
242	0	273	745
0	809	0	748
226	87	124	392
0	867	0	756
0	645	0	760
131	756	0	740
264	0	241	367
0	776	705	756
144	11	76	725
659	690	0	134
151	842	33	798
201	256	272	704
177	218	340	710
184	0	304	332
148	810	0	773
73	705	0	734
117	757	0	799
35	873	0	754
0	231	0	767
180	791	397	764
121	0	251	261
0	723	22	760
240	0	436	742
42	676	0	835
262	0	0	766
0	804	433	776
225	206	0	747
144	412	187	724
205	0	119	694
684	643	611	83
0	721	0	756
26	736	0	751
99	0	717	648
0	792	0	763
271	856	101	779
198	797	0	790
86	819	0	783
189	0	301	744
0	796	65	787
263	0	531	737
46	0	227	736
723	733	13	208
675	691	9	335
579	240	174	241
156	223	49	745
176	0	110	746
68	840	0	757
653	0	122	228
257	0	281	736
176	38	194	699
183	149	0	730
258	226	96	656
45	781	188	807
664	762	0	305
79	0	59	766
0	811	0	738
204	632	0	758
42	0	662	712
226	930	0	789
102	666	21	765
0	826	0	773
43	635	0	783
247	150	231	733
270	743	0	793
3	791	15	754
13	699	30	772
50	0	144	712
630	252	0	209
131	161	0	710
0	820	0	806
149	0	506	731
140	680	111	775
169	435	643	696
0	741	0	787
113	98	168	707
681	794	0	311
202	168	228	696
60	22	350	735
237	0	516	757
194	613	0	772
81	236	98	273
114	130	74	756
147	757	610	670
712	993	914	702
0	792	32	753
223	29	23	731
147	153	117	706
0	806	0	760
177	39	275	694
116	26	45	697
158	0	238	790
234	70	151	737
719	867	0	271
87	221	0	725
0	742	84	820
0	747	0	747
175	800	0	749
175	192	198	638
246	68	121	752
160	835	0	755
160	0	233	728
570	174	544	765
245	161	121	753
104	252	0	711
4	849	0	759
645	704	0	261
193	718	174	743
0	796	0	769
30	661	22	735
24	630	20	752
0	775	0	795
260	208	197	731
717	776	56	278
108	818	0	796
674	816	60	294
0	805	0	763
9	794	0	749
256	0	298	364
206	247	66	667
650	495	42	178
123	701	344	757
0	82	0	711
683	202	0	223
0	708	81	726
151	27	0	705
0	800	54	747
217	189	57	718
0	724	0	754
58	622	0	766
83	832	84	683
218	33	0	722
9	616	0	745
294	0	253	732
108	153	124	692
155	834	0	779
625	0	621	14
115	760	0	766
120	786	160	772
48	531	0	743
0	0	442	654
110	863	0	763
0	711	0	767
649	692	256	19
270	0	234	674
663	844	0	294
242	360	179	726
697	656	209	254
181	101	34	738
229	383	0	645
114	17	31	737
712	807	0	198
50	671	63	740
28	819	0	760
169	126	98	742
29	618	133	736
184	675	11	768
136	615	0	742
359	0	550	697
262	270	0	676
190	733	0	753
36	203	0	695
609	130	597	133
120	0	268	748
685	781	326	199
176	196	0	652
0	802	278	766
185	63	342	750
193	47	236	741
106	0	173	282
680	691	0	246
265	733	0	755
229	113	360	399
752	905	0	282
211	649	0	778
256	600	0	755
275	236	99	769
212	733	0	794
225	751	104	750
185	270	0	716
0	856	35	776
204	717	87	747
64	782	15	749
179	151	153	758
161	325	0	712
652	568	0	211
124	92	0	647
137	210	0	733
0	718	68	740
109	20	163	688
135	692	0	794
159	181	318	714
240	160	65	718
653	789	0	242
0	797	0	744
0	867	75	770
152	108	81	720
0	186	0	667
684	741	195	352
708	700	132	238
233	0	177	358
58	634	0	770
0	101	257	691
58	775	0	773
27	566	25	745
128	798	0	755
228	188	0	721
100	253	0	738
232	157	150	720
0	743	48	761
212	312	57	663
181	788	109	760
135	792	79	769
151	153	4	746
256	723	73	772
92	820	0	729
0	788	0	759
181	455	30	681
0	828	0	756
0	587	15	751
232	70	309	627
149	211	0	692
131	715	20	767
0	795	0	731
118	614	314	755
171	0	223	372
153	0	387	752
271	0	332	384
111	761	0	773
212	211	0	733
221	754	227	746
677	140	241	242
17	722	546	778
0	920	0	761
137	31	44	725
191	141	64	650
0	755	0	774
176	0	0	714
657	766	58	164
153	866	60	792
81	677	0	746
304	0	265	722
141	235	0	724
55	685	157	778
8	808	41	747
28	615	0	763
0	165	306	339
168	0	307	709
20	655	0	727
240	136	0	703
63	207	0	659
175	710	118	750
648	634	424	55
63	648	0	743
197	650	3	784
206	742	186	763
233	0	21	783
171	239	250	360
95	594	0	789
7	875	32	739
101	0	131	716
0	855	18	769
680	769	0	143
0	790	0	748
79	666	0	743
0	774	0	754
674	607	532	296
215	270	126	708
212	175	0	395
693	883	261	171
176	871	114	766
701	664	120	262
0	686	0	755
56	74	43	704
257	131	200	679
637	560	349	232
34	11	423	714
244	170	31	742
214	174	236	689
0	859	0	805
42	730	699	792
171	312	0	761
19	755	90	747
223	0	45	741
237	155	220	700
44	139	422	725
165	0	475	248
69	758	195	769
0	546	0	722
194	227	0	629
668	569	577	222
633	692	17	264
131	386	298	388
49	812	0	756
0	799	0	735
0	205	8	628
230	152	132	764
203	775	0	796
179	0	259	710
182	1	237	685
158	0	287	587
137	272	211	697
677	684	0	257
236	795	0	761
206	0	365	346
185	823	0	787
155	64	163	730
238	199	126	721
148	187	0	704
0	764	0	772
72	800	0	765
260	200	286	821
249	0	302	785
170	141	88	730
224	65	268	708
264	0	632	732
625	19	337	204
25	192	0	716
0	760	0	712
736	701	47	125
668	655	0	118
55	879	0	798
666	670	0	187
720	813	58	292
150	0	288	704
220	150	63	702
713	866	50	199
184	828	181	780
189	159	492	676
122	152	14	396
245	722	0	808
161	148	0	691
641	156	991	0
212	0	143	740
663	756	0	240
66	806	0	767
94	780	0	762
205	130	0	735
0	219	331	300
0	784	0	756
260	124	350	637
0	0	74	717
160	0	495	0
103	0	212	697
0	717	0	717
0	836	0	749
118	89	4	690
0	119	328	697
202	755	0	791
0	767	0	753
165	33	201	706
215	0	517	720
228	208	166	715
264	766	0	794
215	38	0	754
155	0	0	784
211	75	41	732
0	794	0	737
604	237	285	183
0	728	0	764
19	716	65	770
108	180	221	742
239	157	0	769
0	771	163	747
221	102	0	682
0	837	1	777
197	0	16	704
0	852	2	765
0	52	70	712
222	47	404	725
214	0	75	739
678	791	162	275
83	39	498	726
197	17	225	720
0	759	9	753
0	832	0	755
653	556	0	140
153	50	141	751
183	14	255	765
155	781	0	739
651	723	365	261
0	867	0	723
0	735	0	748
222	797	62	772
680	705	0	223
251	0	138	756
0	815	0	788
695	827	70	308
193	107	41	763
126	258	0	695
157	713	35	765
174	1	213	702
119	0	0	688
57	649	0	763
215	476	32	699
158	64	359	360
148	0	173	717
102	713	0	771
0	828	0	708
0	0	333	740
78	253	0	734
199	193	0	710
131	693	0	743
195	0	370	700
218	368	0	674
124	15	23	697
75	0	393	729
208	789	0	745
28	796	47	753
741	741	0	228
0	787	35	762
119	239	260	379
162	362	0	732
224	158	0	709
205	757	81	797
233	79	33	701
56	96	103	750
166	825	63	745
17	701	0	775
259	186	65	790
0	830	242	815
12	175	0	707
688	830	0	144
144	825	63	754
84	56	6	709
90	813	0	754
92	76	0	772
265	17	603	727
28	63	0	701
0	789	0	755
14	0	251	743
253	64	77	722
280	0	96	812
137	865	0	710
12	779	0	750
84	725	118	757
200	0	406	701
169	829	0	750
170	440	152	773
98	629	0	741
121	723	0	763
214	4	0	725
678	900	0	209
129	579	0	783
33	832	0	787
0	242	264	385
83	769	0	764
0	711	0	778
55	812	10	772
686	806	0	66
26	693	6	726
96	843	0	748
27	761	189	752
180	183	0	709
0	763	0	748
127	627	0	764
707	691	153	202
121	787	0	813
0	747	506	729
0	822	0	738
90	185	0	724
122	17	11	712
194	795	0	761
0	792	43	767
121	745	34	755
667	848	0	203
232	49	220	714
0	886	0	775
7	810	0	747
239	0	126	748
171	362	121	733
87	800	605	756
180	420	87	734
185	0	140	735
238	0	652	715
696	782	130	250
74	725	0	800
30	67	0	724
84	713	95	777
709	711	0	236
713	636	512	31
19	780	409	810
132	215	67	686
724	994	959	549
173	31	247	748
217	1	368	704
209	35	302	699
72	52	12	723
97	0	241	703
281	0	46	799
30	645	0	789
667	653	114	262
686	824	0	217
176	121	99	746
682	677	105	323
125	572	0	741
113	719	0	770
255	213	236	718
663	185	0	167
0	843	0	772
0	669	79	750
57	69	254	656
674	751	401	139
153	0	300	697
0	662	20	767
152	333	113	699
246	16	599	711
175	193	0	714
684	750	0	270
648	789	0	354
33	688	81	758
664	850	0	179
57	182	0	722
196	0	274	684
32	849	78	770
211	74	63	719
0	831	0	777
0	792	68	800
229	0	244	711
213	108	182	303
205	556	29	775
0	765	0	774
654	670	0	222
265	226	0	745
0	766	0	772
220	0	255	695
87	165	69	728
89	802	0	763
159	381	0	677
0	817	72	741
156	690	112	814
223	0	152	725
140	198	0	743
176	758	24	788
259	0	622	718
146	700	18	764
655	0	285	331
0	0	282	745
200	0	58	745
720	661	151	262
269	212	0	719
194	138	331	370
624	287	519	150
52	839	0	751
61	727	0	809
251	0	0	719
151	855	75	828
153	128	351	700
200	244	114	371
120	727	0	741
666	766	269	250
53	805	0	756
0	767	0	826
214	127	304	385
0	734	0	765
96	810	0	796
630	664	0	90
0	718	0	785
0	793	241	768
219	149	0	770
209	399	106	671
0	810	0	719
180	0	352	324
5	880	0	726
249	292	61	680
639	763	109	371
203	18	59	725
0	801	0	785
196	773	82	750
175	832	0	684
227	204	0	699
248	824	0	751
129	874	570	792
195	0	165	744
169	0	0	733
660	692	278	147
0	399	0	714
0	730	0	749
264	0	348	396
256	703	266	758
184	202	0	709
0	699	0	755
256	0	0	725
259	143	0	713
139	843	0	745
16	621	0	744
148	196	0	729
201	324	0	692
0	638	127	757
459	0	289	686
703	563	28	255
176	696	416	747
163	726	0	758
8	825	141	774
169	0	0	787
109	156	40	743
197	735	0	775
57	766	1	756
164	161	42	730
242	81	209	732
169	674	429	741
0	792	0	759
178	191	79	726
101	797	293	786
57	708	50	717
302	689	645	758
123	826	0	780
8	773	81	746
0	756	23	753
0	769	0	750
162	816	0	757
259	97	293	320
0	737	35	758
242	216	249	711
270	0	242	750
44	833	102	738
659	700	0	36
179	852	0	751
0	836	0	742
144	198	257	747
178	742	0	752
239	140	0	717
180	162	166	732
107	820	14	762
295	0	81	742
155	201	188	407
159	0	631	710
253	757	0	749
74	700	173	770
268	221	38	684
0	0	174	695
71	171	77	619
50	135	0	732
0	837	66	757
36	743	0	781
650	887	66	350
0	506	13	748
652	0	441	796
288	162	245	294
5	788	0	745
175	0	0	754
199	23	382	297
118	614	131	753
666	684	24	225
275	875	244	762
0	683	0	774
90	851	0	758
32	545	0	792
238	147	39	753
235	0	646	742
223	0	244	724
58	127	0	718
0	641	0	741
0	738	0	754
0	882	0	742
0	841	0	769
28	693	295	756
0	722	0	778
129	569	0	741
0	0	248	339
271	166	10	762
242	239	9	748
263	221	0	717
102	755	0	768
223	140	233	736
218	45	183	804
647	734	189	25
272	227	110	717
87	643	0	772
168	632	95	767
608	452	0	158
0	767	0	719
112	196	0	744
617	0	446	41
99	160	242	716
237	5	35	724
0	732	0	764
690	843	305	165
39	810	122	731
283	685	266	762
237	220	724	744
649	748	136	207
158	663	21	779
215	72	255	754
626	203	18	249
0	818	0	798
0	876	0	799
100	259	0	727
0	0	975	19
200	202	42	715
0	777	0	769
0	800	0	747
148	645	21	740
213	0	393	780
139	851	0	721
0	769	244	773
668	609	261	186
146	0	275	731
223	112	0	702
128	674	0	805
162	0	95	712
0	752	174	777
223	152	12	574
81	73	249	758
722	634	0	183
105	140	35	726
352	154	412	734
80	62	35	711
224	238	131	717
217	0	295	342
0	857	0	740
652	69	81	299
0	390	0	710
182	638	122	759
59	864	0	775
640	744	0	249
38	841	0	753
73	864	0	774
626	94	190	172
211	883	0	784
277	327	15	675
56	281	0	713
180	57	261	372
2	976	330	790
670	728	35	0
8	812	57	749
21	694	0	728
195	650	0	777
303	0	0	745
158	192	0	681
95	704	0	797
130	795	375	746
0	805	0	787
287	686	128	769
262	213	78	741
205	720	0	761
0	830	156	779
181	774	0	766
624	783	0	224
94	202	195	698
24	806	8	808
55	281	0	694
10	0	205	638
0	847	0	829
175	715	0	765
168	189	0	718
97	840	0	743
0	850	7	755
129	19	80	715
0	847	52	762
263	784	0	762
118	863	0	756
38	825	0	770
143	830	80	760
266	0	268	733
0	792	0	766
56	695	0	756
711	0	262	213
213	426	201	755
123	320	287	647
67	840	94	752
0	816	0	743
0	782	0	810
121	0	368	717
217	42	590	677
689	697	0	316
209	303	66	717
657	696	0	282
192	708	0	766
226	724	0	764
0	756	200	756
233	290	57	708
122	0	11	730
114	11	500	218
93	139	33	670
48	695	103	727
136	759	16	744
157	33	237	751
740	760	0	283
145	0	367	356
32	741	225	730
169	144	141	729
329	748	117	806
0	739	82	755
4	823	25	788
0	828	373	783
153	103	0	792
156	89	0	696
275	253	0	714
135	846	0	733
85	53	0	720
164	669	177	761
163	636	614	751
674	294	0	218
647	791	0	294
0	733	443	800
86	736	208	741
234	124	304	684
207	0	353	328
704	701	62	600
113	346	16	713
228	372	0	729
138	232	173	638
642	734	190	291
120	495	70	741
719	900	0	140
99	7	151	727
234	0	660	723
226	64	569	700
162	643	0	718
168	212	26	727
204	214	0	667
295	189	567	359
0	819	0	791
168	755	69	760
213	795	0	752
94	270	0	591
0	154	236	357
0	847	0	741
683	709	457	256
252	10	478	753
654	761	265	249
238	0	299	729
138	973	0	801
214	0	465	691
181	43	170	748
202	640	449	743
146	0	197	733
245	25	5	744
135	247	36	694
142	292	58	291
0	653	0	724
202	283	0	744
160	0	448	712
271	191	108	692
283	113	0	744
21	785	0	749
0	875	0	785
109	251	0	757
0	707	0	774
0	765	0	736
259	453	4	778
83	198	17	310
117	269	60	753
173	300	166	697
0	867	0	745
711	702	636	17
211	0	452	747
286	732	0	795
160	0	248	764
219	0	371	385
8	823	0	779
0	892	0	790
242	740	136	796
133	805	168	751
0	814	0	756
0	782	0	789
227	225	391	709
210	0	509	698
187	0	36	837
0	217	0	661
124	647	216	793
222	214	17	727
685	714	32	255
147	259	0	722
242	145	61	718
215	789	0	773
165	634	12	741
131	721	110	758
214	144	153	735
5	836	92	748
0	273	46	710
192	125	227	362
218	0	0	726
124	613	0	735
221	273	223	658
11	745	238	779
87	733	0	759
232	0	78	744
0	831	0	731
0	930	255	753
179	732	0	779
2	833	0	763
690	696	148	341
662	845	0	261
687	804	7	149
213	118	0	666
151	0	228	693
249	0	182	711
234	711	0	803
67	0	127	721
174	759	0	808
79	770	0	740
128	191	114	721
57	0	557	724
25	822	0	778
305	0	190	762
122	0	0	703
701	856	0	209
184	668	180	756
58	713	46	735
207	45	156	369
247	826	100	760
106	797	229	807
1	18	15	732
713	830	0	118
0	128	131	706
192	133	292	713
118	745	0	796
116	264	0	737
217	4	1	724
283	504	0	723
0	778	0	724
207	109	89	682
241	168	86	701
156	756	96	771
141	775	0	787
48	0	12	770
149	709	62	764
383	1	571	652
0	781	107	756
199	795	44	689
0	823	0	752
139	821	0	764
186	713	170	785
34	809	0	717
0	754	0	741
184	0	189	758
716	706	0	276
143	72	197	727
64	10	361	703
100	159	0	694
130	787	0	796
90	209	12	703
0	885	0	769
0	615	0	743
245	84	58	760
61	574	52	777
706	678	139	246
0	841	17	753
0	428	1009	0
31	646	98	666
0	808	50	792
241	651	640	742
214	662	0	782
0	843	0	751
0	817	0	759
0	125	311	694
229	604	252	801
273	254	262	363
2	867	0	720
11	144	143	337
650	201	0	189
195	0	762	664
649	795	0	240
209	405	0	734
0	0	76	716
143	86	0	791
4	210	0	687
173	658	0	756
218	202	146	331
657	890	0	297
131	757	20	822
163	741	204	743
195	0	288	692
163	569	411	709
252	788	0	763
281	698	81	746
610	159	127	93
31	831	0	737
670	612	274	269
114	81	0	736
136	2	37	742
713	838	0	310
616	247	0	253
260	443	175	743
400	54	62	770
183	178	430	693
68	0	332	732
298	251	0	725
0	727	0	777
159	650	146	708
213	796	128	753
84	369	23	768
659	795	0	218
61	788	31	762
0	561	0	755
168	0	211	703
227	125	47	713
52	130	342	405
180	655	0	750
194	0	345	347
129	602	0	753
72	864	0	772
165	655	268	723
30	221	0	362
179	703	0	755
134	177	226	689
10	758	0	764
169	193	73	386
619	216	0	83
0	858	0	740
122	228	0	733
121	334	0	760
130	697	0	780
279	133	0	727
0	718	10	754
69	791	16	766
649	779	0	51
1	695	0	742
238	689	0	815
310	0	181	771
189	737	10	776
212	815	0	768
693	671	0	311
238	0	377	393
679	689	96	201
233	0	519	703
207	0	212	763
201	0	366	724
113	608	0	711
252	180	17	709
180	835	0	750
205	221	435	748
229	618	26	744
75	0	456	241
0	773	85	760
115	817	35	774
38	0	607	738
257	0	69	731
244	229	225	713
3	726	36	780
0	895	0	763
105	89	192	713
241	744	290	807
61	662	12	742
217	247	268	407
0	672	0	747
0	209	54	712
680	831	0	60
242	0	804	784
117	0	189	396
196	831	0	726
679	646	0	174
212	935	0	766
71	0	56	728
189	748	438	760
193	0	297	379
704	875	0	232
0	882	39	747
145	14	388	716
128	0	521	724
229	248	40	699
99	241	90	740
276	0	158	770
146	170	189	713
212	746	0	804
639	725	204	174
126	433	0	698
0	741	81	755
737	995	979	425
0	0	316	720
0	744	3	782
117	772	113	755
215	38	0	786
248	0	150	344
664	817	0	276
268	2	102	714
0	791	0	760
221	152	121	724
137	289	194	669
191	212	119	295
180	223	47	728
40	6	251	318
27	700	0	766
99	808	13	770
0	764	45	760
180	21	122	764
216	107	522	682
199	625	0	767
649	654	0	257
125	47	140	722
239	0	0	719
703	802	62	279
173	283	19	715
205	601	0	710
0	783	47	738
624	118	33	77
233	345	0	715
0	700	0	736
83	120	49	724
0	870	0	764
170	169	183	371
204	213	421	688
0	780	0	756
212	97	23	736
0	0	93	706
177	89	0	732
202	112	6	722
0	741	0	760
0	750	0	771
209	183	193	679
111	75	476	777
81	815	0	813
651	948	0	269
36	0	101	739
649	603	279	257
39	29	98	684
166	82	171	714
723	726	10	222
220	150	39	715
214	11	119	757
232	747	0	759
84	84	152	715
145	718	587	714
215	634	0	805
269	55	161	739
198	0	576	685
205	123	66	717
0	141	36	668
894	757	829	927
0	763	3	755
258	187	231	378
0	854	0	756
203	798	26	760
655	175	493	24
158	173	0	725
50	30	366	728
0	835	0	767
160	225	33	721
275	779	0	782
123	819	352	731
96	406	138	721
119	832	9	769
436	1017	637	715
172	629	93	756
263	583	0	765
237	266	359	747
0	849	0	749
190	213	53	695
0	627	0	734
43	353	291	747
704	758	288	324
631	848	106	144
52	672	0	717
251	47	0	752
176	844	0	739
0	780	0	739
147	679	0	730
17	752	0	788
0	648	51	742
251	0	399	714
198	126	624	739
0	765	4	771
103	465	156	603
0	824	0	782
10	768	0	745
43	0	202	346
16	690	0	764
233	644	0	780
674	696	77	249
130	861	0	795
193	608	6	744
225	29	35	718
103	731	118	732
186	195	0	792
163	777	0	777
249	551	0	770
0	640	0	769
0	811	0	731
0	41	87	674
114	0	205	718
0	854	0	741
99	26	170	703
0	828	0	780
36	765	155	753
117	721	146	745
85	0	355	668
650	694	569	114
158	0	84	705
88	786	0	779
757	814	0	296
620	275	0	224
0	724	0	779
264	216	52	698
41	225	0	732
75	0	185	293
29	776	206	805
217	0	794	795
215	257	362	351
224	165	0	742
171	67	80	697
21	2	252	565
0	847	0	790
182	0	275	756
601	151	0	187
260	0	287	696
217	2	250	746
640	733	359	248
147	168	167	292
215	114	0	705
102	0	327	752
197	45	52	705
197	120	592	658
108	144	0	708
0	828	198	741
76	227	127	709
272	115	0	738
268	235	98	706
178	807	0	747
646	646	175	188
167	697	0	770
634	84	137	302
63	809	0	760
184	663	0	763
0	605	0	764
119	733	0	742
94	109	0	721
140	0	309	755
625	586	293	246
225	16	339	664
186	798	152	788
220	654	318	742
0	673	0	739
0	0	222	717
257	285	51	745
212	76	207	362
713	782	531	275
0	109	94	706
0	0	146	713
207	35	344	759
648	780	0	209
194	1	124	743
252	675	47	787
103	303	5	692
234	615	0	785
0	903	0	785
227	848	0	769
0	789	35	780
684	727	0	262
591	308	19	105
71	760	0	781
128	814	53	747
296	664	0	797
104	680	0	789
122	766	0	780
616	119	74	161
256	0	162	715
0	0	156	762
242	190	0	717
688	813	0	69
251	0	169	713
0	512	12	765
199	0	115	724
106	799	276	766
229	797	0	770
711	754	0	294
237	274	79	703
673	1021	543	282
222	723	0	780
169	0	237	707
66	847	0	755
181	896	0	771
163	111	0	731
709	741	0	289
218	224	0	762
304	0	245	753
205	279	0	720
244	0	291	696
148	781	0	788
218	0	136	708
175	147	94	727
0	801	0	764
0	830	339	744
0	583	0	350
194	767	0	717
172	697	0	762
686	712	312	231
0	670	0	755
53	789	494	756
165	823	0	785
24	782	0	759
56	792	173	758
242	0	461	717
0	807	0	778
675	939	28	309
166	84	382	726
60	677	0	741
221	0	665	788
701	639	129	305
675	798	0	307
130	700	0	750
83	793	0	758
107	687	610	803
124	0	152	737
103	742	0	778
252	0	40	726
44	769	420	728
183	693	167	739
182	271	0	698
30	798	0	753
0	845	0	797
631	293	246	34
142	93	456	736
269	225	365	715
194	218	66	720
153	802	143	808
85	765	0	775
139	773	131	778
242	10	358	716
0	853	0	762
185	0	69	739
87	305	0	748
0	748	0	737
229	197	339	716
717	700	57	266
157	829	0	781
157	223	21	759
61	740	0	761
130	190	113	716
676	179	95	112
143	211	0	707
174	114	206	760
49	199	0	738
139	837	39	723
150	772	0	767
14	652	490	757
246	160	0	752
129	661	0	782
162	774	0	797
48	680	0	723
287	338	259	642
164	761	0	729
42	680	47	760
127	849	0	759
245	39	19	759
324	0	303	728
257	0	17	726
192	0	71	764
728	797	0	263
167	688	0	797
225	429	0	647
67	691	0	765
263	0	274	759
39	731	0	780
19	88	248	345
238	0	419	741
279	470	230	762
186	6	189	752
111	0	108	723
6	759	0	739
264	667	683	766
166	0	20	698
307	205	61	702
210	218	269	653
101	733	0	776
0	831	0	774
170	281	361	313
108	751	19	756
85	182	155	728
0	797	0	790
78	737	302	726
58	807	569	769
250	327	61	688
178	743	463	759
252	221	124	654
220	0	451	292
166	102	389	637
710	664	0	92
303	840	0	765
19	782	0	752
643	782	0	268
0	792	0	769
123	825	0	752
186	22	82	676
141	249	0	749
183	642	48	762
155	59	0	719
141	231	0	727
348	0	511	766
645	745	0	238
0	225	0	710
274	0	486	728
158	0	344	658
0	196	165	345
652	0	246	286
164	601	112	784
683	803	0	0
696	1013	704	435
137	154	0	693
177	286	57	757
191	0	336	722
255	749	0	780
163	198	81	717
0	836	0	757
27	593	0	726
0	163	6	716
684	839	0	191
223	218	69	717
663	666	218	289
580	776	0	141
0	950	0	756
0	863	37	751
148	0	211	726
0	7	293	734
166	0	336	364
93	758	132	773
171	0	92	737
202	95	134	734
170	159	0	701
697	703	39	181
72	78	118	364
648	680	8	193
28	618	0	736
0	177	0	765
0	772	106	813
677	732	70	206
210	0	12	704
78	789	101	778
86	731	36	742
671	463	250	124
25	0	126	717
149	715	0	718
10	791	174	770
40	232	185	754
693	680	215	208
158	130	119	746
70	245	0	693
171	138	173	732
108	74	43	692
183	219	0	705
146	162	81	746
200	191	36	716
190	610	74	814
254	143	119	732
161	140	0	688
0	852	189	761
0	842	0	758
111	702	0	741
265	277	40	759
203	735	0	798
64	803	45	790
0	853	0	741
0	131	21	677
57	0	31	705
128	598	25	702
82	246	500	683
149	83	34	744
157	131	0	695
177	192	223	601
115	234	119	697
216	0	138	714
160	705	118	727
0	764	0	756
3	796	0	754
197	746	0	759
154	675	306	776
152	206	76	732
44	187	152	740
413	1016	590	740
1	734	0	810
243	0	22	694
14	771	283	757
0	644	0	723
194	741	0	767
92	204	0	753
62	878	0	757
199	779	0	757
248	111	106	745
111	291	102	737
74	564	4	784
205	771	0	772
701	659	181	273
246	0	154	713
209	766	0	767
758	863	102	240
107	731	0	815
166	107	200	703
142	678	74	741
675	848	0	100
0	731	183	736
99	776	0	766
49	364	17	725
0	202	98	714
124	712	0	749
0	727	63	749
33	0	414	697
0	779	0	747
200	199	0	733
123	618	99	764
3	69	229	640
169	720	135	752
295	671	0	768
194	93	134	727
234	200	0	750
144	884	0	826
180	0	305	754
222	0	111	690
86	636	83	739
181	758	31	782
216	252	15	699
708	835	322	293
683	749	18	262
238	815	121	753
620	233	26	229
214	644	0	744
258	378	129	700
54	695	0	771
144	252	90	664
622	733	0	177
308	273	0	791
261	787	0	792
0	307	0	337
73	176	234	727
217	7	0	728
184	223	33	735
268	7	117	797
0	898	0	753
695	669	98	249
215	606	48	751
149	178	25	674
86	848	191	764
267	84	0	798
0	823	0	805
215	125	145	705
161	774	0	776
25	0	590	715
250	770	46	780
158	65	104	723
216	416	390	689
184	666	158	748
0	730	182	749
80	807	1	781
0	747	0	771
709	804	0	297
0	850	0	762
260	24	106	715
0	774	0	754
57	678	0	759
44	709	377	789
0	588	0	736
154	156	245	716
202	0	0	756
707	743	0	257
150	64	305	353
78	676	93	746
90	206	204	261
194	0	496	695
653	759	0	261
313	272	273	804
42	644	49	749
270	0	410	714
3	791	0	751
240	272	3	715
242	109	83	734
113	0	394	725
220	152	148	771
3	772	0	781
611	946	0	238
713	820	403	202
218	0	480	730
0	814	475	765
689	794	0	232
273	89	410	483
0	842	31	787
0	887	0	845
0	810	0	734
0	563	329	749
221	294	57	705
263	279	224	726
0	633	0	773
124	883	0	747
0	866	0	783
131	516	298	661
0	156	196	768
26	869	0	760
706	690	94	159
271	0	434	747
0	739	0	772
239	0	376	350
131	158	214	722
4	30	0	718
93	110	65	689
609	0	184	219
84	9	85	717
37	767	0	767
201	238	531	720
655	599	1003	0
0	781	113	791
640	621	121	0
141	136	375	713
231	133	87	739
205	595	473	774
188	173	52	685
228	669	120	747
123	575	0	741
98	782	257	737
388	1013	653	749
207	588	460	755
0	0	453	740
113	106	0	750
48	739	0	754
664	816	0	273
676	821	0	233
679	784	322	237
260	780	0	742
254	775	51	754
148	83	93	707
0	491	0	744
226	248	206	732
604	335	5	253
176	173	0	688
250	76	248	717
267	0	218	683
122	742	0	770
49	52	0	705
0	193	5	755
208	0	139	731
0	811	0	800
228	0	460	735
665	715	0	305
165	122	0	718
147	793	0	759
0	733	0	740
226	216	246	738
0	0	0	727
718	576	341	270
0	830	0	700
272	793	0	791
183	695	162	806
0	769	66	747
212	400	191	776
184	716	39	764
0	655	0	756
219	98	0	736
186	677	0	737
566	1016	845	758
165	125	127	752
110	99	359	737
0	667	2	755
665	798	0	258
180	255	0	754
224	580	288	754
0	837	16	738
304	677	0	757
158	83	279	693
0	781	0	783
130	0	106	710
638	783	68	0
144	177	0	734
721	583	0	273
119	0	0	759
7	0	51	758
146	631	108	769
84	630	69	781
157	827	26	828
0	120	260	621
300	121	435	704
108	57	12	768
102	224	142	695
0	720	0	760
194	178	37	762
0	864	380	749
0	834	171	739
0	0	98	716
668	577	69	158
23	786	0	745
114	703	0	740
666	739	72	186
133	0	653	694
280	714	4	806
701	838	0	266
0	723	0	749
61	614	0	767
170	632	0	750
198	0	271	708
127	155	11	714
240	745	0	798
181	802	0	759
230	127	210	343
28	50	231	725
237	768	0	739
56	756	0	790
213	97	106	742
665	828	0	243
676	609	194	171
0	0	600	681
183	597	0	739
188	0	384	731
84	0	522	0
0	763	227	804
213	0	432	742
0	776	0	743
274	0	143	729
258	257	394	352
95	694	0	744
0	797	0	743
74	760	0	719
256	105	352	751
678	774	0	0
57	836	0	744
210	257	0	740
137	418	29	672
57	0	20	693
202	729	13	791
300	732	0	773
211	656	0	776
28	806	24	756
47	844	94	742
130	86	0	676
0	48	77	767
0	847	0	775
0	730	97	765
171	677	72	752
346	0	577	669
0	696	17	767
181	0	342	354
0	820	13	782
0	856	0	726
79	810	0	717
5	225	0	711
6	873	0	804
236	140	78	744
39	755	0	745
229	776	164	806
655	774	0	257
714	714	0	191
250	0	231	811
0	858	0	740
175	736	157	766
23	138	0	728
27	163	164	709
720	655	0	231
228	180	16	683
0	803	483	736
62	664	0	740
141	765	0	792
215	125	65	734
633	786	182	250
0	838	0	745
158	906	0	804
277	0	284	679
684	791	0	16
100	712	76	783
196	238	219	707
70	766	0	782
186	181	180	697
708	678	75	240
27	0	159	691
0	910	0	785
19	758	0	789
0	820	0	772
120	179	0	703
669	542	333	0
87	164	0	734
165	221	103	732
711	772	0	57
0	776	0	790
230	0	431	300
257	724	8	750
125	1	646	642
0	791	105	779
167	0	498	729
13	74	309	758
165	155	342	788
95	789	0	764
90	664	47	787
108	273	0	730
188	182	343	743
661	764	8	231
9	47	17	729
191	96	0	706
0	75	0	695
681	832	26	215
117	661	0	798
155	265	94	689
143	300	39	650
692	1002	0	403
282	53	61	736
0	836	1	799
265	86	66	686
710	753	12	296
220	43	503	689
68	709	332	762
181	590	220	743
65	137	0	660
678	779	0	229
0	707	45	756
709	813	0	335
149	198	0	774
97	694	0	782
107	0	11	712
194	0	112	717
95	201	0	714
719	803	0	288
264	16	460	729
173	760	0	781
194	246	265	730
63	717	25	783
289	0	307	796
204	278	119	724
55	56	82	746
0	808	7	690
0	55	39	700
723	856	0	266
158	391	0	726
160	18	294	696
217	659	51	747
154	240	0	702
0	915	85	804
217	580	0	785
176	141	216	340
705	677	304	40
0	867	27	772
76	739	0	765
668	659	0	90
143	162	0	620
125	525	49	717
44	374	202	801
0	798	39	785
0	267	248	356
231	755	300	786
48	159	13	709
227	216	262	655
0	844	82	776
126	81	0	718
157	718	25	746
221	42	0	750
28	756	0	774
226	613	341	767
171	0	339	370
0	819	0	736
101	700	0	756
0	813	0	784
183	762	158	776
85	729	0	748
31	755	0	738
3	775	0	734
289	41	292	723
0	777	61	771
179	740	235	797
149	42	557	741
269	86	0	671
218	133	430	683
28	792	0	774
0	769	201	762
166	70	0	720
218	152	34	765
0	646	454	755
165	82	142	722
102	0	0	710
93	476	15	766
729	776	0	200
246	247	0	637
268	0	384	753
298	147	271	762
278	732	0	814
209	0	0	713
0	789	0	743
81	738	0	739
0	833	0	786
154	801	81	754
79	615	10	726
139	729	383	745
241	188	44	710
213	106	126	728
57	731	0	774
123	0	178	722
209	783	0	761
49	807	0	757
680	620	0	221
3	734	0	766
24	325	90	670
111	846	18	778
0	767	0	789
8	852	5	753
186	233	195	707
0	772	0	751
203	160	100	677
182	20	285	368
0	804	6	731
31	704	498	758
725	753	0	188
12	769	0	798
115	0	487	686
201	0	410	739
289	14	463	728
213	170	0	730
2	796	78	744
0	0	414	719
311	0	116	706
232	0	714	747
229	226	97	725
242	0	141	774
45	0	807	586
0	775	56	785
181	251	46	702
712	848	0	259
115	197	159	685
35	763	367	733
147	826	56	784
294	0	530	708
0	728	165	775
118	202	0	715
0	809	0	783
0	796	0	749
172	14	0	693
53	844	0	710
715	772	623	253
207	783	0	750
0	720	34	759
220	160	0	650
288	653	582	722
260	0	702	744
0	792	288	734
85	300	1	715
100	651	0	753
192	122	153	800
152	789	0	785
724	742	407	187
275	106	376	716
0	130	42	724
0	769	112	777
0	680	22	780
210	239	149	743
127	0	581	268
2	663	71	787
64	754	0	737
0	713	0	757
54	294	0	714
140	107	0	737
103	787	2	763
68	37	48	707
0	815	294	741
0	732	0	769
0	773	0	786
635	810	0	220
139	199	46	740
222	65	79	783
209	726	341	776
0	284	0	637
122	213	0	751
74	123	0	763
56	981	0	736
45	813	210	815
143	0	249	740
57	599	29	761
10	810	322	772
148	49	173	695
342	15	0	736
653	681	231	288
248	86	295	348
35	614	52	728
166	87	190	736
194	166	80	698
222	193	0	714
262	0	122	784
224	0	340	372
666	811	0	224
18	565	41	744
138	778	0	807
248	0	86	798
92	779	0	743
191	57	189	762
60	772	0	754
182	745	110	748
241	152	273	763
73	294	46	289
183	782	0	753
75	877	6	778
0	807	0	749
39	726	0	734
0	769	0	755
630	0	196	159
708	903	397	0
0	810	0	703
0	732	0	759
0	680	325	755
148	727	0	787
219	216	306	711
0	815	50	767
62	713	42	775
107	75	0	753
0	805	73	774
47	620	108	737
0	785	35	752
0	503	133	743
114	105	10	621
0	639	0	746
160	483	36	777
5	807	0	745
0	10	333	705
260	0	0	729
0	100	485	317
149	148	33	719
0	765	0	726
183	0	200	680
102	683	0	742
127	616	113	775
104	806	582	738
173	785	0	740
277	22	175	711
686	718	277	275
154	625	349	737
0	817	10	751
0	825	0	775
169	667	0	742
292	762	551	783
668	702	0	265
676	653	150	338
187	39	551	780
662	675	0	172
163	327	299	382
197	194	11	737
183	235	0	749
694	809	0	169
100	18	347	340
132	193	17	738
719	757	0	243
121	829	0	784
1	656	0	768
0	742	0	769
226	209	149	717
93	0	322	744
27	247	9	724
30	18	469	716
218	0	133	721
170	535	0	789
154	866	161	768
0	739	0	755
214	833	0	744
191	273	289	325
151	830	0	810
448	220	561	730
0	797	0	772
179	686	0	746
205	0	137	674
57	0	0	671
177	793	0	763
126	183	0	684
62	746	0	793
250	36	149	730
300	0	228	716
236	0	383	661
18	851	20	743
199	704	0	783
686	676	0	139
219	766	0	798
176	271	131	701
166	207	10	748
128	645	522	745
42	668	593	743
49	122	25	715
699	744	99	297
233	194	144	718
98	0	103	728
120	751	0	723
0	604	10	736
75	196	171	698
0	238	320	355
165	216	74	353
180	111	216	756
0	40	0	756
217	31	205	379
665	833	0	261
297	6	198	732
139	264	16	750
65	668	0	748
195	185	233	679
59	747	69	776
0	834	68	762
125	0	266	690
0	730	0	754
259	242	0	728
0	822	0	721
0	941	4	756
8	747	0	766
98	625	111	731
201	662	47	806
0	707	0	798
213	272	0	761
53	83	44	746
216	666	317	751
178	0	144	726
205	132	247	384
191	631	0	797
148	132	179	701
186	685	0	763
92	111	231	731
78	704	116	735
79	753	0	779
294	218	19	705
714	0	434	270
16	773	0	759
95	0	610	758
71	18	204	725
151	848	346	759
158	0	328	707
641	679	77	201
174	778	43	756
206	66	125	798
239	0	176	776
118	721	0	793
202	0	109	742
0	802	25	729
257	145	319	742
133	0	187	320
144	595	0	752
71	550	0	741
0	665	375	755
54	842	0	743
189	815	0	783
306	0	567	727
265	29	138	794
214	47	165	726
184	743	0	796
0	786	8	773
36	201	98	259
50	0	180	714
110	197	0	682
219	211	0	709
674	730	0	259
734	709	0	261
231	0	486	744
174	72	164	647
301	191	0	710
137	767	176	756
0	792	0	764
127	896	74	781
243	676	0	724
211	38	322	398
250	0	0	731
192	326	249	712
215	736	0	785
163	0	184	731
670	610	220	269
0	840	0	728
49	794	0	748
264	72	505	327
193	806	0	756
199	0	89	709
293	0	404	359
33	706	141	771
169	78	26	741
140	897	0	767
136	311	0	711
564	0	557	139
292	0	658	712
236	1	702	740
197	825	0	782
179	174	80	727
689	637	211	209
208	788	0	766
250	161	0	729
196	788	0	753
20	779	2	784
669	717	0	276
47	766	301	710
221	80	0	688
656	657	175	255
41	71	26	726
228	246	344	756
80	0	39	708
28	916	2	757
666	774	118	290
260	0	698	760
197	281	51	724
694	805	44	63
16	832	199	770
0	674	0	734
171	195	154	342
46	641	530	765
85	151	0	724
0	879	181	767
0	720	113	749
162	234	16	740
0	788	0	768
8	808	0	759
189	390	16	734
171	44	0	741
752	829	0	249
0	790	0	773
74	0	0	699
84	747	196	769
106	634	95	738
163	0	613	742
115	735	47	786
118	800	0	740
94	207	47	340
30	82	334	756
124	459	38	693
723	734	0	192
85	768	0	739
217	185	23	707
0	888	0	771
138	804	0	768
41	727	141	770
0	781	24	766
188	295	0	728
0	818	0	766
0	851	0	756
674	769	0	334
205	339	126	692
239	153	127	722
219	298	0	727
200	289	49	731
88	77	146	695
151	0	362	271
168	86	100	758
741	612	197	297
0	808	187	730
0	834	664	760
237	118	220	736
650	780	71	274
0	850	0	717
247	0	48	814
227	219	57	693
0	747	24	743
127	0	418	30
133	49	254	709
163	84	322	726
125	636	571	732
211	678	0	778
667	5	0	0
680	830	206	177
143	818	0	773
279	27	211	757
120	92	0	723
18	734	0	748
202	43	219	733
97	584	0	780
202	0	15	745
50	796	0	747
694	852	0	219
273	0	0	712
56	259	0	732
200	845	55	780
140	815	0	746
628	0	0	250
166	761	0	754
248	114	0	702
93	766	80	754
132	0	388	715
132	246	0	715
0	833	0	755
706	631	110	262
151	680	104	744
651	755	19	140
81	259	143	751
81	856	0	808
234	78	71	765
110	254	0	729
185	422	0	641
0	810	0	793
243	97	383	733
0	851	0	751
173	758	0	776
248	698	0	771
0	703	0	751
175	649	3	727
716	711	0	222
146	489	0	708
0	306	160	751
282	0	898	409
0	801	0	754
153	0	238	705
0	822	0	768
170	181	0	721
0	849	0	761
98	730	0	774
187	22	288	705
244	0	459	702
262	0	209	739
0	782	37	754
0	887	49	819
6	799	2	741
103	722	0	764
5	915	55	775
200	0	231	703
201	755	0	810
175	826	0	765
265	137	30	713
236	0	115	728
0	812	0	788
0	684	0	754
275	77	388	295
0	776	129	746
0	826	0	747
652	793	317	0
237	108	21	731
2	851	0	771
170	56	0	721
0	776	0	760
93	255	0	686
0	720	234	749
240	196	0	687
165	819	0	759
0	636	0	745
667	774	337	241
218	14	0	751
236	680	0	784
188	0	1	726
217	183	62	749
684	657	0	275
0	704	2	723
39	774	19	749
202	0	771	675
223	197	0	742
581	332	109	161
100	815	0	733
63	609	0	738
670	133	641	130
50	784	0	805
227	0	293	359
0	831	8	741
31	673	0	749
173	757	36	802
204	0	196	721
193	558	161	753
186	166	0	789
0	771	83	738
245	692	16	723
208	129	200	704
137	818	0	812
670	661	255	257
214	0	97	726
0	215	0	745
87	210	344	692
206	795	0	819
101	709	0	780
227	604	65	761
713	595	0	49
223	142	0	769
149	1	197	716
178	0	139	695
0	703	0	779
0	812	0	735
45	713	120	771
0	214	128	722
692	748	235	250
230	492	30	761
225	279	0	770
99	190	0	707
0	849	0	752
72	807	22	774
236	0	181	684
256	0	916	0
0	804	107	746
179	44	162	342
190	855	85	739
242	385	271	734
217	212	0	734
173	308	102	746
113	758	0	810
628	21	193	194
0	589	0	755
175	143	32	653
145	44	145	360
383	1020	718	333
166	761	0	783
73	745	0	813
119	0	179	749
256	155	0	727
700	855	0	140
139	13	9	736
12	744	0	813
132	547	0	767
0	231	21	708
137	739	86	753
681	847	0	225
40	0	12	714
65	191	0	707
184	94	177	735
0	724	30	764
108	245	106	715
414	188	95	698
0	882	77	747
235	107	0	726
186	17	221	711
0	584	0	777
108	246	515	750
230	783	42	799
197	0	354	336
711	693	0	290
221	594	0	730
662	717	0	330
246	212	224	344
83	668	31	743
685	713	42	239
97	658	233	736
34	837	0	764
106	811	98	764
147	736	125	737
101	686	58	755
218	506	0	755
0	665	0	751
5	905	168	783
135	749	29	789
0	30	278	720
671	835	16	267
122	794	0	775
212	530	156	710
82	807	0	760
0	811	0	775
86	287	88	760
0	802	25	785
212	874	191	809
663	253	24	282
0	757	0	769
199	635	90	785
645	696	67	191
0	676	0	744
0	663	0	781
195	731	0	788
265	170	180	715
171	0	436	719
194	774	66	774
150	860	43	754
272	81	192	679
97	0	501	727
203	0	284	754
651	774	326	255
247	39	88	716
66	0	234	709
133	800	93	744
132	0	12	764
124	98	0	740
0	702	400	819
174	783	9	802
0	769	0	733
260	190	2	746
167	874	0	765
137	259	48	725
154	0	0	703
222	206	59	737
182	0	565	759
187	136	503	709
97	244	0	739
671	762	0	264
126	585	165	726
193	719	0	779
0	798	118	807
180	0	301	751
122	107	60	739
142	176	0	748
145	717	217	785
25	777	0	759
270	0	200	732
96	720	325	784
145	122	25	729
125	272	0	768
261	41	75	756
142	705	0	766
231	200	0	653
252	152	0	650
33	246	26	722
214	805	0	753
448	0	752	582
155	700	0	788
31	768	387	746
0	761	162	763
234	33	0	733
126	510	0	756
230	697	108	771
5	811	123	725
0	0	506	778
183	755	635	719
11	275	53	706
196	0	296	365
28	633	0	751
253	113	120	723
264	333	0	717
251	34	107	712
669	728	0	218
0	736	98	746
16	579	48	686
0	828	0	731
216	118	0	719
707	724	152	191
650	608	59	249
221	166	45	705
53	0	466	733
133	781	0	781
177	227	26	738
209	714	0	772
155	60	223	722
29	788	311	796
0	99	24	730
38	699	0	744
174	55	345	739
625	1008	883	699
119	747	176	759
0	883	38	783
161	441	208	735
602	131	272	41
0	985	44	779
0	782	0	791
0	842	0	765
81	655	0	757
178	33	266	350
0	732	0	755
165	692	0	742
0	628	74	758
244	0	223	728
90	30	149	685
289	16	367	740
258	199	40	731
252	171	0	771
0	845	0	747
220	843	140	771
197	756	0	804
0	787	14	704
688	777	0	114
203	273	631	791
322	242	10	749
0	761	0	774
99	732	452	771
222	711	498	761
0	802	0	743
764	753	199	301
203	696	0	766
231	727	50	763
0	942	0	782
0	659	0	722
47	806	0	753
109	303	0	721
167	6	0	687
47	184	286	732
689	731	0	301
174	281	0	722
682	846	0	236
255	0	422	307
193	821	79	795
285	0	52	683
268	774	0	780
179	148	373	732
105	0	261	686
221	392	33	748
664	693	0	288
156	759	285	814
196	272	0	745
221	95	63	694
232	185	65	740
141	140	0	729
0	660	251	763
264	722	0	759
41	727	3	722
122	88	525	712
74	164	47	722
681	788	140	317
58	20	0	715
141	469	0	733
57	0	623	723
18	806	0	782
131	670	57	742
164	261	266	759
256	0	160	736
78	781	54	785
693	600	392	252
185	773	18	778
59	717	0	771
230	889	353	747
122	820	0	807
78	7	116	760
183	0	463	738
731	669	0	268
125	93	266	385
218	225	246	353
778	819	425	191
673	626	28	316
160	23	160	735
132	75	0	719
631	791	0	177
9	781	0	758
184	81	248	727
231	2	500	711
138	0	132	820
195	696	0	803
192	661	94	749
672	716	0	2
245	0	624	727
99	703	0	750
56	849	0	753
165	103	202	742
87	0	0	851
664	637	58	147
0	813	0	812
229	0	274	829
232	54	0	718
662	680	0	0
656	0	436	157
0	726	0	769
236	166	0	719
26	670	0	778
86	178	170	731
27	38	158	697
18	922	0	775
188	655	0	744
142	678	101	779
195	693	266	791
218	769	327	825
144	712	145	730
0	849	0	779
105	860	0	777
159	696	0	746
0	825	63	751
80	0	651	727
188	38	0	693
691	673	37	87
186	633	0	765
180	783	0	764
189	0	269	697
0	875	0	764
252	42	44	691
86	886	0	767
177	857	0	735
0	838	88	755
0	198	0	750
134	773	0	739
284	55	0	755
259	242	76	736
261	150	285	392
665	764	349	250
59	837	44	781
189	197	0	714
0	759	73	765
634	0	386	214
0	707	0	729
232	124	9	765
269	230	302	633
139	280	612	732
125	837	0	755
273	0	64	816
242	875	0	801
0	728	63	758
631	260	273	181
15	558	274	738
40	659	8	793
0	800	0	786
0	865	156	759
204	0	38	708
273	753	442	778
148	264	0	706
0	823	28	725
130	777	185	782
141	0	500	270
175	25	0	718
0	764	87	790
94	705	96	777
116	841	0	779
147	867	332	742
0	508	0	706
0	497	0	740
107	802	89	754
0	925	0	824
15	756	0	773
19	202	0	728
132	69	175	708
240	115	119	725
0	763	0	793
0	758	0	743
172	817	0	792
227	143	0	732
0	871	0	743
122	199	435	802
2	806	320	725
256	222	57	727
0	812	0	729
230	977	0	744
0	0	131	746
169	203	84	694
108	112	68	704
242	161	59	718
188	26	96	725
228	710	23	771
0	786	0	754
0	830	0	785
0	777	132	763
269	0	630	713
130	0	70	730
7	783	36	798
0	753	52	750
0	802	7	713
360	117	151	774
0	832	0	754
184	815	0	773
143	187	24	354
181	252	178	737
28	755	0	744
164	651	636	775
191	668	0	783
96	838	0	763
0	791	476	779
179	0	391	170
64	711	0	783
0	976	0	780
311	16	69	744
0	742	0	757
0	706	0	714
0	766	618	705
150	259	0	723
189	0	460	700
0	803	0	743
0	774	37	774
139	0	153	730
244	0	368	418
269	251	23	724
650	670	75	199
97	4	107	698
18	0	505	695
638	719	0	148
167	705	43	757
74	0	407	768
153	20	311	725
128	124	63	730
132	659	0	765
669	767	74	284
60	171	53	693
0	221	147	763
237	777	0	790
0	678	191	766
254	460	262	775
389	0	18	727
679	694	0	235
34	799	0	801
148	691	89	778
165	326	0	732
61	120	205	729
0	760	133	793
59	758	0	750
161	128	114	730
233	583	47	725
218	0	333	323
58	696	118	812
681	547	128	188
0	145	315	718
236	185	0	713
241	151	178	693
156	131	0	713
669	750	23	165
0	746	0	774
140	824	0	772
105	643	364	780
262	0	349	695
116	874	0	767
258	154	84	740
164	147	0	713
215	0	192	636
137	696	0	783
157	123	0	749
0	718	17	729
42	783	0	802
135	10	429	368
662	825	0	368
196	0	32	736
57	784	614	764
0	855	0	758
667	765	0	245
0	814	0	750
0	775	0	758
677	603	1	316
288	0	150	767
0	734	0	778
69	706	0	743
112	832	0	751
67	108	151	697
258	0	301	724
265	14	241	715
229	0	493	743
133	704	104	799
87	788	39	794
4	879	25	753
192	661	0	770
0	685	0	763
0	736	304	764
679	761	101	295
134	826	0	758
169	616	34	767
82	0	80	719
717	667	791	0
125	0	0	685
247	100	162	701
60	781	0	735
192	629	37	778
78	867	0	784
119	135	184	812
197	445	25	732
673	750	0	41
718	878	164	291
702	805	293	0
59	801	0	781
0	786	0	769
639	384	0	284
689	776	0	191
688	465	704	0
234	22	262	686
0	852	0	767
0	810	0	771
21	263	0	721
126	393	168	712
732	986	0	307
67	72	276	753
142	70	0	711
0	787	11	747
142	718	0	767
324	496	212	678
203	77	188	705
671	997	396	216
284	773	0	819
180	140	0	744
178	458	0	718
24	262	0	756
112	679	0	779
681	790	0	52
274	252	0	761
662	615	164	235
0	754	0	763
96	816	0	757
657	604	196	293
200	0	603	764
248	0	276	707
716	667	0	261
629	656	216	127
0	665	166	751
711	738	0	239
180	146	95	754
176	104	212	770
181	774	0	799
125	203	151	741
156	0	209	679
51	199	0	696
0	894	69	764
258	550	0	753
0	856	0	763
2	212	0	733
38	0	523	730
255	158	0	753
260	130	11	747
0	775	0	770
0	599	0	792
719	640	0	182
200	149	0	720
113	221	65	697
200	303	459	732
274	0	684	725
193	785	68	768
90	746	0	816
176	160	0	708
163	783	0	735
0	788	0	761
237	0	415	721
648	539	0	224
684	739	0	206
699	689	66	217
143	712	0	778
171	789	0	787
0	826	0	738
0	858	0	714
0	805	0	734
250	103	204	680
669	0	163	200
28	777	0	788
698	746	0	326
143	714	0	774
133	579	94	737
265	857	53	756
72	190	0	781
222	109	21	723
252	786	0	774
188	152	239	720
212	726	148	774
245	0	580	705
680	815	0	197
141	249	321	686
8	775	0	770
265	0	539	334
189	195	204	696
162	732	0	749
686	700	303	199
232	150	532	689
212	0	0	735
124	775	15	739
102	833	0	746
0	797	45	744
205	651	681	737
122	145	187	708
0	789	0	772
204	151	304	698
210	107	45	746
39	830	0	775
67	820	431	735
278	92	255	338
286	204	153	710
0	840	206	737
0	873	55	769
128	365	0	721
202	244	0	738
725	828	31	226
95	0	509	734
139	174	23	716
0	814	0	758
246	281	411	738
0	816	51	746
147	826	150	752
122	794	0	787
167	253	105	762
44	771	0	778
179	0	181	729
0	767	0	741
224	265	0	772
126	0	90	687
123	779	0	792
100	105	0	774
225	213	106	713
120	127	0	710
209	151	72	729
705	676	75	246
139	752	19	741
0	769	0	790
660	39	156	198
103	257	0	793
153	0	124	348
10	115	0	711
220	834	188	808
718	919	12	184
192	95	0	746
0	154	41	730
0	814	19	754
69	718	196	728
244	724	0	803
124	859	0	772
159	724	0	763
183	37	68	719
288	24	107	738
263	199	250	718
118	687	93	771
0	58	0	667
78	699	0	783
233	55	0	735
0	764	0	828
239	213	0	732
0	770	0	753
230	0	366	377
206	130	49	717
210	665	0	809
0	669	147	757
125	229	245	733
269	247	112	730
231	0	34	707
208	784	0	740
39	230	0	732
0	796	316	691
264	210	100	713
161	0	0	684
194	779	23	815
203	126	0	380
16	769	0	788
0	570	0	749
674	673	0	178
0	418	93	712
0	814	0	743
178	58	215	721
46	110	0	648
180	688	18	757
78	140	258	700
301	109	149	728
205	128	41	760
134	142	460	719
114	0	23	722
118	595	0	757
29	755	0	764
297	702	0	784
0	793	0	769
0	846	201	763
653	697	0	265
224	21	244	689
658	693	0	260
0	229	0	657
140	108	94	733
224	960	13	766
67	806	51	775
185	0	409	744
0	681	0	763
274	114	577	751
118	65	178	386
652	783	0	255
0	767	0	780
636	761	0	143
87	701	366	749
26	827	60	800
191	748	0	804
113	712	594	774
0	0	260	693
65	701	0	769
608	50	69	267
269	115	433	733
190	705	590	757
255	0	292	729
120	142	117	391
106	587	0	745
247	147	240	693
230	106	302	700
160	761	32	786
187	768	0	744
250	77	0	756
16	0	173	338
12	777	0	775
177	145	244	694
0	801	0	749
0	260	0	668
273	85	255	365
116	69	365	733
39	715	0	759
81	446	0	719
181	120	244	741
216	653	441	768
244	0	0	719
77	704	53	754
122	324	111	685
216	242	9	365
0	737	0	809
272	613	0	738
218	134	78	353
686	789	0	213
0	756	0	753
183	66	268	746
0	622	173	726
184	336	169	648
261	279	0	718
0	704	265	768
110	762	0	770
0	872	0	755
66	77	210	713
29	895	0	774
136	292	7	735
277	680	25	745
40	806	27	705
40	676	298	712
228	707	0	785
0	711	5	752
34	39	364	654
282	0	192	727
0	729	73	765
76	703	337	720
0	900	0	784
0	674	28	745
277	0	352	367
260	7	238	678
159	169	0	713
67	702	2	770
145	801	0	793
158	707	5	755
169	0	181	727
270	0	648	0
111	723	240	749
171	678	400	804
112	0	172	725
133	753	0	767
689	608	262	223
262	763	74	754
51	660	209	765
67	740	51	746
119	0	484	738
624	568	0	234
115	747	0	732
135	850	0	775
18	854	0	776
158	743	291	736
0	859	0	774
0	795	683	756
81	779	0	765
80	680	405	750
699	699	0	72
0	724	0	726
98	7	78	708
71	748	0	801
14	770	136	743
181	0	155	684
10	625	42	741
0	832	175	781
0	826	0	745
258	650	449	758
693	489	282	315
127	204	170	777
0	739	0	780
197	0	670	719
39	733	416	769
243	786	6	779
224	305	221	620
165	229	209	715
177	860	204	738
737	848	0	192
260	244	616	746
142	782	0	753
264	255	353	705
98	322	48	739
113	435	67	767
163	16	476	712
211	749	0	792
676	717	0	110
195	40	43	745
188	796	145	775
122	774	0	774
244	213	0	749
202	67	190	767
138	809	35	761
641	825	294	263
156	131	556	702
115	0	434	680
142	18	48	757
145	239	129	720
83	42	0	705
174	73	458	674
0	751	0	751
253	301	0	753
0	772	294	733
652	817	0	145
215	0	0	790
625	253	89	257
84	694	0	778
215	211	103	713
220	660	0	727
202	730	609	791
147	0	215	667
236	204	25	724
643	710	0	251
176	622	0	731
69	2	15	698
0	629	0	766
179	264	0	734
253	0	448	746
107	0	205	742
224	299	0	719
66	674	310	740
195	156	10	697
203	120	78	726
24	913	0	774
0	746	62	760
197	0	0	730
725	756	7	181
149	790	0	786
197	0	249	747
660	712	53	150
165	745	24	729
66	651	0	737
245	155	206	752
103	125	0	723
116	720	0	752
210	106	0	749
107	850	0	767
0	825	0	784
25	932	0	766
237	0	272	351
662	831	38	176
216	70	554	702
668	713	103	4
697	665	10	223
131	193	0	746
0	775	0	765
0	858	0	754
240	0	38	755
0	842	0	764
0	937	636	755
234	47	349	718
37	815	0	748
135	771	0	780
42	0	263	716
191	23	0	731
16	792	0	748
104	771	505	778
0	50	135	626
131	670	33	753
0	841	0	787
707	820	0	283
667	793	115	190
260	180	0	695
241	731	441	769
73	780	0	768
656	690	0	46
87	696	10	779
708	823	371	269
239	161	18	719
201	185	0	686
134	679	0	737
212	9	477	714
724	633	0	195
237	697	0	742
159	787	0	775
233	728	0	775
261	300	138	712
0	873	0	792
118	91	0	740
159	879	0	774
35	756	515	776
107	735	96	736
51	197	0	749
663	670	71	267
198	0	28	789
229	234	0	759
211	132	71	753
202	156	161	740
232	613	28	768
255	821	1	751
259	598	0	739
668	712	127	217
107	211	0	723
35	206	0	758
138	644	89	755
160	761	0	748
193	75	282	679
137	856	0	763
51	711	0	771
212	699	0	807
278	0	232	706
32	782	0	743
199	141	0	722
101	737	0	783
749	769	79	90
0	828	0	733
230	0	525	759
666	780	0	261
0	797	0	781
149	800	52	751
144	31	443	704
669	0	225	262
206	218	376	710
671	734	22	278
97	194	82	701
36	874	5	768
75	568	0	762
235	80	157	720
168	0	540	688
0	725	0	754
632	760	144	110
0	705	0	759
63	881	0	772
194	792	0	778
162	454	717	725
14	848	0	769
37	248	0	739
55	785	198	763
152	208	82	687
0	754	14	765
185	891	0	779
62	535	97	725
192	711	0	799
185	752	26	772
178	653	178	760
173	698	610	737
268	0	170	756
0	99	266	690
0	791	0	758
716	730	45	125
250	22	168	725
660	100	108	17
227	773	0	763
166	0	233	726
65	769	0	755
202	148	0	758
197	225	31	696
251	3	0	695
199	296	433	684
681	114	0	299
178	250	46	758
235	0	247	780
23	78	0	702
196	797	0	755
27	818	0	762
173	261	385	754
671	515	251	257
38	717	101	783
18	734	224	792
242	31	76	683
239	0	2	744
65	814	0	757
197	0	83	721
248	225	168	703
0	813	184	784
667	642	44	183
57	81	452	727
155	777	0	756
711	666	205	231
63	0	110	745
270	0	189	716
236	167	121	793
0	816	0	719
56	791	0	732
740	591	35	266
210	734	94	794
129	212	75	711
238	717	0	756
132	707	105	779
26	0	85	739
0	943	0	777
48	0	351	246
146	821	0	785
189	139	59	750
22	882	15	773
83	0	244	744
55	761	0	794
0	806	0	744
199	58	66	724
160	786	107	771
679	286	0	312
21	715	0	788
137	854	609	752
121	804	78	779
169	190	260	714
89	0	445	716
145	689	279	714
47	685	274	719
712	914	1004	0
170	617	0	755
86	0	37	710
252	0	0	727
264	0	689	697
23	753	0	766
279	0	279	824
0	802	0	737
635	739	0	249
0	734	0	771
100	159	0	721
76	350	0	727
0	843	0	745
189	172	29	733
214	644	89	766
201	0	172	668
129	0	48	703
258	179	565	800
76	167	0	739
0	759	0	755
110	791	0	804
0	732	0	784
203	686	346	772
95	802	80	732
164	668	0	769
708	660	34	304
191	788	0	798
114	701	0	816
189	0	234	741
152	140	0	727
223	279	0	701
136	0	256	711
208	763	297	755
101	6	261	383
140	59	159	720
163	3	734	0
0	777	0	779
156	318	0	716
669	793	0	6
108	440	119	789
156	94	251	734
46	804	35	747
29	813	0	777
288	0	278	356
670	573	210	251
85	696	355	726
254	32	11	672
3	761	0	732
278	10	549	687
258	687	87	787
736	648	253	174
0	784	0	778
271	191	106	697
622	0	383	232
0	27	253	586
237	39	0	752
2	674	239	781
197	259	503	727
679	618	125	335
203	0	233	717
240	54	213	756
256	205	0	725
680	734	120	283
271	169	399	736
84	49	213	681
0	821	0	758
271	766	0	774
4	47	312	288
111	762	0	781
175	190	41	720
284	214	0	674
218	153	2	745
0	832	0	729
122	221	25	699
34	710	0	750
0	570	29	756
680	805	227	56
66	851	0	768
0	274	0	704
141	211	34	727
0	61	459	704
246	104	0	665
161	0	275	688
55	50	38	756
226	623	0	754
0	582	27	776
188	240	0	760
248	0	107	797
179	112	156	747
0	762	0	745
272	647	0	785
192	65	12	710
0	113	23	695
134	0	184	731
220	58	0	742
0	754	0	749
0	721	0	764
125	0	19	742
163	121	52	739
222	0	305	719
38	833	0	739
139	706	226	729
613	252	69	253
34	837	521	759
687	693	0	236
0	649	56	761
647	707	217	189
0	828	148	779
108	0	29	705
667	698	0	291
212	220	221	697
295	197	212	708
63	699	74	751
201	0	362	388
685	673	0	186
738	841	52	221
189	840	0	774
169	757	0	822
140	210	0	683
653	753	21	263
0	867	0	780
111	835	147	733
255	602	0	759
124	715	46	735
640	637	0	237
671	778	141	184
61	728	72	762
0	590	12	728
0	813	0	763
129	248	0	718
0	789	0	750
205	0	302	339
12	121	0	714
235	0	511	741
161	868	241	778
81	682	0	764
327	77	594	752
679	709	0	47
45	689	182	777
23	887	0	781
263	791	99	730
141	0	369	675
266	0	496	726
84	0	285	320
598	283	0	161
226	20	129	698
173	771	93	777
162	557	0	749
48	78	0	698
0	902	0	765
228	765	57	733
190	778	0	757
253	732	110	775
182	551	51	739
707	803	39	155
125	717	0	758
269	3	338	401
212	156	246	732
225	277	24	723
171	0	283	733
0	1000	455	758
0	688	68	727
0	752	4	758
145	672	84	773
245	0	83	726
641	671	27	332
88	0	456	265
255	751	0	762
247	0	151	704
88	757	590	738
167	246	53	759
251	0	64	729
245	765	0	798
66	718	200	761
0	814	0	736
0	726	0	798
632	207	300	295
114	795	0	789
247	0	178	701
169	185	0	779
263	118	64	709
0	654	1	759
196	0	270	728
200	127	0	706
256	210	0	683
45	665	0	783
177	774	0	759
677	653	0	294
0	681	438	781
13	13	219	708
154	37	64	713
35	372	0	729
649	812	0	251
171	135	211	748
49	247	9	760
159	134	0	800
242	21	218	733
663	834	46	149
655	676	145	308
234	43	129	744
240	190	274	715
215	702	0	814
221	118	0	702
0	779	28	733
44	749	44	724
678	695	91	129
72	689	37	767
176	0	157	755
137	35	246	743
64	832	169	739
646	721	372	0
0	770	110	774
249	654	587	766
196	64	290	712
252	94	459	733
589	1009	808	685
702	851	87	341
0	0	385	374
681	786	41	269
0	30	87	727
83	226	0	716
163	189	0	714
34	263	61	732
229	228	46	763
116	97	0	740
152	784	43	742
224	159	307	353
673	753	223	169
0	717	39	777
34	676	35	780
130	229	60	713
173	12	258	712
91	0	640	712
71	751	0	764
704	781	582	191
0	810	412	758
87	61	0	777
114	262	0	746
4	202	216	697
85	767	0	730
0	833	458	754
218	94	0	669
258	752	69	732
41	165	10	682
0	804	0	778
74	241	23	318
721	823	24	32
38	0	790	704
29	662	66	736
82	708	0	764
107	920	260	741
18	768	0	734
98	893	0	797
0	858	0	776
685	680	0	284
194	694	0	795
106	685	0	772
81	776	0	759
77	917	257	750
161	100	297	735
0	0	176	718
120	767	0	768
191	324	0	678
234	843	0	761
128	697	58	768
34	562	27	765
0	862	0	749
137	237	382	385
213	198	228	731
694	861	0	144
267	591	26	765
704	785	0	94
130	328	253	744
33	25	113	753
256	499	0	773
313	217	0	760
197	679	0	773
186	556	174	735
0	797	42	756
79	809	63	798
110	719	33	731
701	852	16	113
0	873	0	753
133	784	0	757
158	824	0	747
651	966	95	237
254	153	299	751
30	278	0	308
186	224	141	684
168	50	0	716
656	689	0	191
266	0	191	763
49	776	0	780
672	610	209	238
0	803	63	746
252	127	16	692
0	794	0	794
274	0	115	743
223	710	0	732
0	943	0	779
199	62	183	747
307	800	165	796
64	754	0	757
254	0	168	707
0	864	0	799
291	546	0	788
52	616	0	760
0	0	417	681
167	291	538	727
64	898	0	764
157	685	0	758
243	174	78	690
260	703	0	742
60	822	418	808
0	771	5	763
288	0	374	658
55	856	0	758
220	758	0	781
0	688	394	790
215	0	391	354
681	753	0	277
158	0	0	743
227	0	22	716
697	762	34	226
158	36	119	710
160	142	602	748
188	0	186	729
182	210	0	699
704	824	0	270
225	314	79	693
90	689	0	770
2	752	144	775
296	307	78	706
171	119	97	583
253	4	619	783
230	631	0	774
132	0	134	736
0	823	379	786
0	850	0	770
141	665	354	733
217	145	95	781
235	117	199	681
128	0	0	757
202	570	0	813
232	765	27	797
0	668	140	763
83	794	656	730
60	736	0	806
67	201	58	748
0	780	4	768
0	0	0	735
139	260	270	402
171	729	833	749
0	787	0	777
0	1004	0	772
343	374	0	726
220	172	5	742
49	558	0	760
282	0	0	700
638	615	2	282
137	113	391	711
95	704	68	745
228	776	0	775
35	651	0	778
0	810	0	745
0	745	0	769
235	27	204	688
31	846	0	760
193	601	0	759
24	600	681	738
176	801	39	807
195	82	314	700
110	708	0	807
213	173	112	705
114	676	74	810
616	178	0	232
189	267	403	706
136	1	0	770
645	207	0	308
165	0	0	682
285	0	77	794
170	93	109	728
35	837	410	749
720	737	485	229
145	0	318	726
199	827	24	782
238	664	37	741
126	746	115	754
0	865	0	786
117	135	8	765
0	782	429	764
52	872	0	716
181	231	101	730
265	194	52	733
264	0	547	706
389	1014	731	727
0	819	0	756
212	250	51	737
0	786	0	739
178	337	1	642
128	195	0	762
278	41	76	699
683	714	130	234
194	50	0	639
149	0	633	708
643	82	36	256
167	748	0	756
0	765	141	765
215	142	11	735
298	226	0	773
0	806	7	760
255	271	30	756
68	805	282	737
145	779	78	761
8	767	0	757
285	196	250	696
23	82	60	748
190	81	4	711
603	303	8	203
643	656	49	260
0	785	155	760
163	617	0	757
686	703	250	264
131	219	0	758
167	780	28	765
684	771	115	199
0	778	0	712
274	19	42	711
190	16	733	255
117	0	682	678
0	736	0	754
151	50	67	797
109	0	266	753
0	250	0	753
0	837	0	760
181	0	317	705
174	622	227	763
224	367	124	743
222	778	32	804
240	0	638	746
16	726	16	731
2	746	195	744
176	35	155	332
188	722	0	769
227	720	171	731
166	0	445	691
50	756	97	752
90	59	65	732
218	618	240	762
58	793	86	760
660	712	143	247
222	46	110	757
215	713	0	790
130	911	0	822
182	876	0	758
190	0	249	353
54	201	325	594
229	0	0	712
83	149	4	709
79	0	240	701
65	635	14	813
215	782	18	809
681	773	50	84
32	209	21	260
184	0	406	342
0	812	0	752
67	626	105	775
539	1006	714	764
10	661	0	763
0	812	624	743
453	404	575	652
160	214	416	748
206	157	0	720
136	430	0	710
119	775	61	800
52	763	0	749
136	213	133	697
86	635	0	743
105	34	278	741
233	120	191	696
394	1016	609	729
645	684	0	204
298	192	8	729
1	0	38	724
34	750	0	747
125	49	0	726
145	729	0	772
231	0	484	740
49	927	0	757
0	648	77	733
705	753	0	135
86	758	0	754
291	155	140	362
669	746	154	252
130	133	83	327
0	789	0	770
51	0	137	720
0	208	26	704
16	157	0	731
0	155	152	770
61	822	0	767
213	650	0	763
197	0	239	738
712	634	0	291
213	693	0	744
697	863	0	298
138	758	17	773
0	875	354	773
172	456	31	751
208	0	167	763
121	216	0	706
107	807	0	759
0	875	0	782
242	207	28	694
217	106	142	728
285	0	298	716
106	792	211	748
148	210	27	712
682	942	0	307
214	194	58	783
691	0	295	181
684	687	0	139
290	0	161	732
263	823	0	766
88	845	0	790
249	515	45	799
205	0	91	733
148	640	0	775
33	780	0	801
632	71	2	219
232	677	231	728
93	240	0	746
0	780	118	750
0	853	59	767
0	824	0	747
95	0	512	706
693	832	8	235
0	306	219	750
207	137	76	744
42	843	21	747
235	80	0	752
0	875	0	764
119	0	317	717
0	785	19	765
0	915	0	773
0	791	19	806
117	0	75	312
105	109	537	682
182	74	134	748
90	246	0	692
118	0	0	734
189	114	330	385
88	292	192	622
239	23	91	735
231	179	301	668
111	717	0	769
250	786	0	808
633	647	80	170
49	14	67	716
162	232	83	703
122	810	239	803
652	1005	907	541
230	679	0	751
172	56	616	739
219	154	270	343
275	25	103	727
255	194	0	705
650	832	12	254
0	297	0	703
220	0	0	708
274	154	340	356
234	0	290	725
0	176	121	753
210	80	64	722
92	0	140	557
0	786	8	760
118	24	351	723
0	739	285	751
72	72	206	739
353	0	187	843
129	72	466	720
259	157	537	629
710	838	0	279
0	695	0	748
10	742	2	755
211	657	0	769
126	794	1	800
0	806	0	741
80	798	0	796
0	801	0	748
197	187	0	688
64	114	0	715
41	0	316	631
0	0	311	708
159	182	127	695
79	706	0	768
36	0	150	709
29	186	0	738
226	525	206	720
0	185	0	691
190	879	169	803
712	838	70	288
20	748	25	752
0	779	0	724
684	698	0	199
219	0	348	694
135	14	80	681
223	0	180	716
166	0	60	749
172	89	71	747
0	692	0	771
150	783	353	783
84	0	60	746
139	0	102	687
288	588	0	782
0	749	0	786
87	80	164	374
30	761	0	794
51	896	0	767
0	833	0	760
83	846	0	766
71	116	84	784
181	879	0	766
206	167	97	729
40	802	56	735
164	0	195	759
684	772	0	218
28	594	33	761
234	139	0	707
60	0	0	698
0	822	0	682
0	841	0	759
0	1	330	297
133	528	192	795
0	773	0	788
0	784	0	723
238	0	0	741
244	685	0	764
725	732	321	230
12	0	670	112
203	265	235	757
241	178	395	698
0	854	0	765
712	633	293	237
678	601	0	54
248	0	185	744
26	786	0	734
0	805	466	815
210	491	0	726
5	799	0	740
115	282	98	749
0	857	0	776
0	694	59	735
28	819	0	750
157	180	15	749
235	0	507	692
246	145	321	303
0	196	18	752
82	721	0	774
102	796	0	796
27	741	0	803
66	741	56	726
208	90	0	788
234	67	0	739
46	789	421	769
190	746	0	777
183	665	0	793
703	797	0	286
733	838	54	288
148	249	0	713
184	193	136	700
200	295	0	711
87	746	54	804
77	871	0	744
183	0	364	691
692	845	0	192
321	241	609	643
0	842	17	788
253	0	567	714
5	821	216	749
30	0	130	696
192	50	305	710
0	890	164	778
0	0	411	327
1	714	0	719
0	666	0	787
156	251	279	741
624	658	520	245
156	826	304	774
193	69	337	722
712	818	0	192
1	245	49	755
9	666	225	742
3	796	0	767
688	858	0	251
0	807	0	773
254	311	288	729
153	760	0	711
165	159	85	714
20	700	0	753
0	870	0	760
197	0	585	749
0	572	1007	0
27	740	422	747
204	0	594	764
33	840	63	767
0	755	134	801
245	2	66	687
161	116	145	646
680	632	0	251
217	0	212	767
0	758	0	775
718	646	341	137
51	775	0	765
0	634	169	767
36	0	60	758
2	122	159	706
206	0	362	716
89	78	22	754
189	862	114	758
195	130	0	728
0	740	0	713
217	143	4	716
98	35	333	354
718	706	141	179
15	859	0	780
656	798	279	291
685	900	0	302
747	725	55	358
158	765	769	701
201	341	189	770
591	15	284	136
0	18	492	737
176	0	337	382
111	0	274	730
0	780	89	761
155	276	94	636
224	18	172	745
694	740	0	224
0	865	0	767
0	701	14	736
103	806	0	763
14	5	54	742
248	699	0	805
90	776	0	768
155	27	223	353
250	0	495	733
4	598	60	714
209	104	505	729
151	568	26	664
187	841	34	754
14	769	0	765
180	208	0	704
0	826	0	740
23	820	0	796
10	189	257	747
18	687	0	751
283	176	470	777
115	126	29	744
630	687	0	282
23	78	287	701
220	0	25	748
220	666	445	753
0	158	128	732
171	613	0	747
142	809	0	750
680	848	216	323
0	784	105	796
760	760	55	190
640	657	0	291
195	0	40	722
588	215	42	325
138	74	334	730
281	433	0	665
222	685	0	748
268	243	144	669
36	795	0	737
235	0	38	718
46	141	45	224
112	58	0	691
246	139	321	715
104	665	0	763
280	6	291	706
233	752	0	793
174	1011	432	757
76	730	0	758
0	0	801	648
184	0	183	768
105	616	0	759
706	666	0	222
669	749	0	268
0	993	0	831
146	126	482	311
0	672	0	735
257	179	0	725
96	905	0	757
673	794	0	310
653	624	276	238
683	847	0	298
0	722	0	769
163	0	109	726
265	0	11	794
145	594	98	740
238	19	350	676
0	844	0	740
196	0	501	734
0	763	0	814
0	835	0	743
25	799	0	762
245	0	633	720
719	610	112	300
64	579	0	780
218	0	256	737
674	88	161	212
0	843	0	769
179	174	44	748
0	827	33	756
680	652	0	233
20	860	500	776
0	751	644	760
123	0	573	744
202	69	18	694
210	710	290	715
216	861	147	797
52	771	84	774
72	622	0	775
257	110	548	757
192	59	105	775
700	817	0	163
0	826	0	740
217	0	233	746
75	107	514	727
86	858	0	739
154	825	38	763
669	750	0	140
130	743	186	743
691	813	0	187
294	0	146	694
0	847	59	753
17	677	0	759
18	71	361	326
217	153	278	747
264	82	394	621
260	172	0	755
0	754	68	760
258	85	283	736
81	667	0	771
684	664	292	113
682	614	150	191
244	828	69	759
231	205	452	748
756	0	50	207
0	877	0	776
652	676	334	252
107	342	0	713
153	831	0	773
175	23	77	765
228	204	93	708
199	0	493	650
0	787	0	719
0	752	0	734
172	0	108	373
657	754	89	249
0	787	0	768
254	839	156	780
0	742	20	766
244	172	0	744
32	26	273	697
161	176	0	735
0	766	0	725
261	0	591	747
19	851	132	759
717	746	377	131
230	4	223	717
72	596	0	756
52	706	62	769
122	624	0	746
692	807	0	171
86	771	0	771
244	793	0	819
157	357	69	691
264	90	626	745
192	90	90	716
0	104	236	346
0	875	236	774
0	841	36	801
151	779	0	749
653	619	0	242
203	143	0	716
100	140	0	682
0	796	163	756
87	720	128	759
219	0	320	715
689	817	54	234
0	871	58	763
0	658	0	752
209	220	0	704
130	715	0	800
676	770	363	304
248	51	145	751
154	0	2	734
0	812	0	760
227	41	144	720
110	214	345	758
13	82	113	655
198	766	0	798
175	351	635	765
119	112	0	734
185	153	119	774
184	0	565	718
72	687	0	762
115	254	0	722
627	147	169	257
162	17	223	738
227	272	0	743
187	0	27	755
49	647	0	758
667	858	79	276
194	545	0	805
227	1	212	729
250	199	160	694
721	803	389	214
28	825	0	756
232	316	92	719
215	0	611	766
113	724	0	727
209	245	0	752
140	684	0	762
670	764	501	0
87	817	246	737
294	0	282	724
0	657	39	781
658	761	0	41
67	752	0	783
146	671	0	775
241	0	623	697
244	74	148	709
263	608	139	814
222	60	208	706
197	0	532	736
0	766	37	780
171	109	42	725
65	724	46	756
20	718	62	738
208	3	242	722
34	746	453	711
271	690	57	774
213	0	465	712
209	1	492	663
156	187	126	717
575	263	0	245
50	113	0	692
11	776	0	801
142	0	656	687
153	0	185	779
106	800	0	716
185	806	172	773
208	134	166	775
120	170	422	756
659	488	42	180
196	74	142	718
275	0	44	749
0	807	0	761
216	0	246	586
157	84	325	781
170	660	0	762
662	719	30	241
259	147	17	715
212	794	0	757
144	0	20	792
124	806	0	768
388	49	52	704
0	921	0	757
108	320	0	732
297	230	213	618
726	820	33	261
0	746	0	744
657	589	440	193
665	848	0	130
0	883	143	744
0	100	316	691
103	719	0	764
79	61	232	727
631	269	116	272
213	254	0	719
303	0	164	825
73	774	13	733
121	252	0	716
244	780	0	746
257	0	472	708
254	803	0	772
0	851	0	802
690	799	0	219
0	335	0	730
169	608	0	765
261	672	118	751
136	78	0	731
653	778	0	258
294	29	546	724
166	232	77	728
11	795	0	736
138	276	0	743
0	0	140	680
39	153	0	723
118	725	0	799
254	729	0	785
182	763	0	786
50	0	250	729
65	78	149	767
175	688	0	730
148	733	0	787
94	655	0	750
124	950	458	761
0	805	0	816
0	744	182	746
155	0	745	685
0	821	0	757
0	801	0	739
261	648	53	782
176	204	0	735
79	686	0	764
0	763	288	739
0	650	43	778
0	654	0	735
200	184	0	712
233	0	227	730
95	810	108	771
0	857	0	730
503	0	512	718
235	0	682	679
749	466	233	186
278	0	424	686
110	525	53	733
177	199	0	725
75	390	0	696
663	703	0	300
0	775	0	752
65	774	25	757
219	48	294	702
243	0	311	421
726	752	0	322
206	144	49	696
138	802	0	788
177	0	437	733
218	645	158	725
701	269	70	132
641	672	686	23
0	864	30	767
273	837	153	790
0	837	455	768
28	208	218	738
243	0	479	727
246	592	0	732
241	704	439	741
183	698	0	768
737	663	454	105
324	1018	528	743
0	95	169	724
0	773	137	769
189	157	137	702
196	0	433	753
62	745	0	749
102	15	37	720
104	817	0	808
198	666	231	762
0	714	0	755
661	62	0	14
108	803	41	761
20	856	116	736
0	692	265	744
215	37	145	724
118	212	0	717
0	837	0	767
241	22	201	715
229	0	288	693
38	0	491	718
687	814	28	153
123	171	420	748
184	0	364	737
0	835	31	762
158	762	0	770
0	812	0	822
216	280	0	730
183	271	133	716
670	767	0	227
121	0	424	746
243	123	272	308
92	197	0	745
0	828	995	119
221	744	149	805
0	266	0	711
702	780	0	269
159	538	0	754
204	766	26	737
162	35	485	705
159	0	322	398
277	0	265	741
662	790	0	271
219	331	24	758
0	630	0	790
24	749	0	771
66	676	293	709
0	909	0	740
265	0	241	733
193	585	0	807
175	219	0	691
321	707	83	737
21	833	0	774
67	644	0	743
165	0	282	682
270	682	11	780
153	239	200	362
119	798	0	762
228	19	3	701
664	689	364	40
233	127	0	757
96	226	140	695
715	297	160	244
0	82	126	722
702	799	46	182
681	834	0	295
211	265	151	663
262	125	24	735
157	0	189	688
690	778	0	239
156	226	18	706
271	715	39	807
0	812	0	788
243	657	55	747
139	0	0	702
240	0	319	735
34	733	289	784
124	548	23	813
115	202	0	739
148	229	162	670
99	208	81	730
69	117	143	700
212	0	396	710
234	762	0	742
172	132	162	736
247	0	304	726
107	0	200	762
138	82	0	729
0	839	13	800
665	767	153	201
661	549	298	79
47	688	61	773
190	103	64	712
0	744	0	786
125	14	0	795
215	2	211	728
291	723	27	783
683	800	243	272
0	711	11	761
305	645	168	745
53	153	30	802
224	741	132	796
214	146	0	709
93	664	0	763
201	378	0	714
0	832	54	761
147	172	87	707
0	696	0	772
242	30	219	305
0	834	0	795
100	796	0	761
120	0	114	754
0	885	0	752
147	721	0	739
116	654	247	737
135	239	11	711
290	51	5	754
167	0	65	711
0	721	0	738
675	141	497	227
154	81	332	389
120	301	288	335
636	506	261	105
187	241	86	301
244	175	134	755
0	686	0	769
0	763	0	769
0	845	0	728
0	757	0	710
134	0	0	747
376	1005	910	347
205	0	132	749
147	176	31	705
179	609	38	771
248	90	58	696
0	844	51	725
0	851	873	673
249	750	0	745
146	69	0	700
17	188	0	707
112	0	112	706
0	810	95	759
0	145	110	684
236	0	364	334
280	62	9	764
67	29	244	760
170	239	50	699
161	738	0	807
214	0	89	700
0	759	0	755
60	743	0	782
142	144	0	774
218	315	84	724
246	246	180	738
45	172	236	689
104	56	0	698
144	248	190	717
241	139	58	690
42	667	142	772
180	47	41	769
29	717	33	790
127	735	37	771
192	70	78	741
60	820	0	791
24	0	46	719
270	0	514	783
240	86	573	760
0	870	6	767
282	277	0	717
0	814	0	772
24	177	0	645
185	763	0	743
135	20	201	706
641	269	0	295
698	732	366	227
41	558	604	731
245	696	383	783
253	270	0	728
92	733	40	743
0	67	227	747
150	0	346	699
178	739	0	762
162	153	82	704
289	113	95	720
169	350	0	792
2	784	128	766
227	643	0	743
59	713	0	779
0	690	169	794
198	0	280	793
106	751	0	772
179	815	0	754
203	12	597	756
620	64	204	169
200	35	194	755
148	321	0	740
0	816	389	784
769	694	283	222
0	858	0	755
234	0	378	740
209	122	0	738
274	73	125	831
0	847	416	748
90	109	185	727
275	224	88	714
0	832	305	746
0	656	22	792
250	288	0	692
0	439	1009	0
128	21	119	729
89	775	0	801
35	876	0	740
695	830	0	288
716	764	990	0
0	492	185	761
85	300	0	581
248	361	68	736
1	0	21	727
218	342	194	693
140	0	191	719
263	321	115	701
236	836	0	744
44	237	101	726
14	637	186	749
198	233	75	686
0	774	0	724
266	113	237	358
679	756	0	296
189	818	0	749
62	869	0	746
0	860	0	768
141	760	31	805
59	717	0	741
200	633	0	791
65	212	0	721
7	780	0	782
2	723	0	799
121	760	0	762
8	0	658	688
219	714	409	740
82	704	0	746
0	840	0	783
711	811	85	311
214	33	280	706
599	111	499	0
655	709	278	275
221	3	196	728
0	755	0	781
0	71	641	593
265	273	293	764
32	861	11	768
179	220	129	417
296	18	237	307
28	698	0	814
225	622	309	718
164	787	54	756
123	789	0	805
168	662	213	798
0	582	102	774
126	871	0	787
212	623	85	815
22	852	0	768
727	820	531	253
49	925	0	763
254	0	0	727
151	827	37	802
0	856	4	731
0	596	0	747
285	0	432	732
221	139	596	743
0	843	0	777
58	298	0	703
110	62	216	354
185	856	0	769
156	756	545	767
0	0	448	767
0	849	405	748
0	900	0	746
120	20	75	727
28	0	3	724
201	16	310	320
85	727	0	800
221	200	0	692
228	227	0	688
659	732	0	292
454	133	342	697
0	858	0	771
188	710	276	758
17	714	0	792
123	0	34	759
241	100	39	736
316	243	0	678
104	0	634	704
739	707	292	272
89	0	402	266
137	0	19	699
274	205	51	766
0	838	25	719
178	639	0	788
10	75	0	742
34	833	25	760
160	0	236	719
10	668	63	802
211	103	0	750
142	213	191	701
182	0	0	742
134	213	137	732
651	760	0	239
594	25	262	260
655	833	100	166
684	747	9	229
252	143	45	695
214	0	368	350
150	211	49	711
201	150	200	310
214	760	38	793
87	812	0	735
153	0	48	703
39	0	319	727
45	701	0	746
117	195	0	672
95	707	0	748
0	387	1012	0
252	0	125	715
238	251	0	724
0	664	43	765
0	750	0	751
669	773	0	236
0	675	29	736
123	762	0	741
225	175	478	732
0	795	0	780
202	72	75	711
191	579	0	743
255	219	22	721
178	870	0	803
690	745	0	258
265	782	0	785
659	792	0	294
101	851	0	760
188	633	92	775
265	654	0	772
665	634	0	69
0	598	0	751
146	711	640	755
209	0	311	660
276	168	189	710
692	817	552	0
211	238	335	746
160	568	375	748
255	170	305	313
0	18	0	736
143	292	18	701
0	781	0	762
280	226	0	730
175	236	89	729
175	163	150	712
0	761	0	801
0	0	0	704
88	662	135	729
28	744	0	765
114	753	432	809
0	768	0	752
0	0	287	728
0	911	58	783
0	178	0	605
642	740	366	146
254	782	579	806
220	803	85	790
172	819	0	786
204	832	0	760
175	119	0	740
211	162	0	728
212	696	16	756
759	757	0	229
671	673	23	95
203	716	0	818
651	0	293	200
247	640	463	788
105	719	296	753
661	747	0	174
248	249	0	740
0	662	0	733
655	745	307	247
713	803	0	121
119	768	0	768
0	780	381	803
26	843	0	751
682	682	87	267
246	612	0	758
0	822	0	753
177	125	149	678
234	313	170	712
193	762	0	777
0	812	10	784
597	51	218	106
0	826	0	757
57	325	58	654
0	891	0	794
137	254	0	706
0	798	0	726
247	74	0	754
271	259	0	753
218	169	0	718
0	730	0	726
660	739	0	192
0	831	0	798
657	641	0	221
199	4	44	760
209	60	185	796
204	841	63	795
189	296	0	732
122	823	566	755
3	817	368	771
0	823	0	750
698	693	0	135
204	37	57	752
122	792	373	748
0	858	270	782
136	696	0	789
83	116	21	337
718	906	22	260
0	785	72	751
25	727	0	767
46	220	10	712
713	851	0	0
146	133	340	337
678	825	0	268
234	1	427	787
679	784	329	156
244	657	606	733
0	815	0	791
155	148	224	702
154	14	79	762
0	179	0	701
144	266	78	704
117	189	2	723
258	0	165	722
649	836	0	272
146	831	68	740
199	141	143	759
0	880	0	731
34	823	0	721
177	430	159	705
0	788	8	762
167	718	43	762
0	825	0	744
94	836	538	751
17	861	0	745
711	844	51	1
182	309	309	612
0	578	0	763
102	0	375	711
274	16	642	754
132	120	162	734
19	528	0	760
207	0	243	765
128	0	314	378
77	750	73	744
136	827	221	775
288	702	0	761
208	0	205	691
168	147	0	734
203	196	256	726
102	21	118	729
129	854	7	756
192	770	267	715
59	0	304	744
216	283	0	764
239	130	336	678
292	144	73	837
668	730	37	9
0	712	0	775
0	792	8	767
168	526	123	729
165	217	414	722
673	32	244	331
260	674	0	803
153	811	425	759
226	106	233	720
116	741	83	727
80	648	0	778
142	345	203	680
80	854	271	782
184	53	369	774
76	806	0	775
1	736	0	767
698	623	0	252
163	0	0	701
0	708	0	778
152	98	24	751
148	96	0	744
0	871	0	784
180	748	0	724
0	225	258	657
0	351	188	740
79	482	94	690
202	751	448	798
63	768	0	790
667	772	161	248
173	0	630	682
149	109	0	693
152	0	257	696
0	745	0	788
9	726	0	756
182	791	100	750
68	0	587	701
87	718	86	766
0	0	117	709
123	231	0	705
189	234	0	730
0	799	6	750
88	734	0	788
0	763	0	766
206	219	0	745
242	144	0	703
231	230	0	746
161	0	96	740
50	784	228	782
0	762	0	715
214	32	29	781
61	816	0	745
689	778	0	266
252	614	31	738
124	184	0	717
21	803	0	730
194	272	42	733
0	665	0	818
417	125	330	739
158	51	444	695
276	0	288	728
18	511	0	767
684	0	265	284
0	203	0	722
156	736	0	770
179	0	0	742
0	218	139	694
21	751	0	791
142	0	338	749
117	701	468	729
0	843	0	750
122	0	155	718
154	0	4	700
153	649	0	751
131	721	80	763
0	734	168	756
197	11	70	661
10	843	0	774
0	769	0	786
6	708	288	766
697	822	0	246
92	688	0	761
713	807	0	210
201	0	223	725
268	242	161	757
210	0	637	666
30	21	288	749
675	263	74	20
241	713	155	764
0	252	0	768
227	659	0	805
64	720	0	770
33	0	158	699
50	154	12	684
463	1022	715	791
119	0	298	384
0	41	30	758
194	718	0	793
80	0	115	755
198	697	93	767
222	749	585	829
76	642	0	758
218	0	50	699
206	714	14	758
69	781	0	769
194	0	575	679
227	0	90	754
172	887	0	777
106	779	0	736
216	24	463	755
120	32	327	757
0	826	0	749
155	669	0	726
173	358	0	737
127	594	386	756
8	817	146	744
59	804	528	756
0	142	68	734
0	821	0	792
666	645	70	188
136	763	40	791
260	648	768	747
177	22	173	331
146	760	0	756
243	768	88	781
122	739	85	778
168	667	174	730
96	0	141	729
218	126	20	714
192	403	101	746
655	666	422	108
704	617	25	162
2	742	8	757
162	0	416	724
171	140	233	306
128	224	0	732
203	48	117	703
24	0	2	704
174	714	211	757
197	475	266	770
0	782	0	793
0	0	608	688
201	281	0	732
95	626	95	757
671	792	0	168
243	0	17	752
234	376	3	708
0	645	0	734
0	234	10	738
651	797	0	90
0	792	0	727
92	208	0	672
258	0	446	693
260	0	153	782
0	839	678	718
249	260	0	674
9	752	68	793
112	801	59	812
0	774	72	797
168	92	167	739
198	741	7	737
220	258	0	726
117	759	0	754
638	581	0	158
219	37	0	741
0	631	119	758
244	140	0	744
170	918	0	752
695	776	0	219
227	0	530	757
252	0	449	811
86	54	0	758
64	822	0	782
82	769	0	707
67	0	110	765
66	811	0	740
0	737	0	767
0	215	42	718
23	0	544	0
0	852	0	767
688	822	0	253
244	0	82	703
0	0	1001	0
203	138	11	636
258	46	241	376
0	815	0	742
0	761	59	731
217	403	239	623
670	748	0	254
123	0	391	329
271	840	0	833
122	663	0	742
0	444	1007	0
156	565	0	759
2	657	229	769
192	277	7	616
310	111	117	713
619	36	559	203
69	808	0	782
159	288	301	351
132	733	41	750
0	790	0	795
87	0	7	332
0	0	88	691
0	787	0	738
7	734	36	745
20	802	0	755
226	386	77	727
229	786	34	754
162	0	209	750
232	254	0	708
215	859	41	741
77	641	154	773
58	869	254	743
0	837	0	755
0	754	58	741
174	146	0	704
224	198	107	690
257	708	0	770
89	786	0	800
0	665	0	783
0	0	252	721
245	655	0	753
231	0	299	812
712	777	188	216
287	465	0	712
210	66	623	721
116	19	133	710
236	678	26	749
581	269	316	292
204	723	0	786
39	680	0	727
702	671	0	285
46	800	0	736
156	43	0	739
160	718	0	776
203	778	208	804
231	0	660	692
24	686	0	763
0	813	0	753
119	712	0	770
223	797	0	829
0	897	0	793
44	67	328	693
241	0	426	732
167	118	140	713
701	744	0	275
19	722	66	761
184	169	0	731
0	844	0	747
273	191	395	391
140	657	205	742
175	0	232	712
259	0	592	683
646	641	179	176
213	240	0	726
177	777	0	774
199	177	30	704
210	0	224	261
102	620	0	735
211	231	0	696
109	0	19	729
129	827	0	732
57	109	0	674
0	0	232	746
169	257	80	739
38	787	0	733
215	242	121	374
143	714	65	761
246	0	294	712
42	875	119	746
177	611	141	741
696	790	512	234
220	72	0	704
190	250	0	716
16	793	0	743
0	841	30	739
0	794	0	722
32	459	269	664
0	802	0	792
278	244	130	371
729	826	519	281
109	0	162	730
189	0	257	759
226	215	160	697
757	870	0	292
54	748	91	776
127	157	188	697
115	120	0	768
283	0	510	705
185	111	122	753
215	250	51	758
144	290	452	727
115	273	0	676
0	719	0	754
141	75	276	739
250	0	80	724
247	0	310	746
654	753	0	236
272	0	235	741
213	241	0	756
158	854	0	785
143	0	321	714
54	809	0	742
0	801	10	768
694	687	251	436
709	446	111	261
245	243	175	414
160	0	461	704
0	699	0	737
1	818	112	764
197	132	314	711
0	676	0	749
102	210	266	693
0	845	0	754
0	782	125	754
0	728	0	782
0	759	0	753
130	158	107	740
25	107	0	705
222	185	216	603
255	0	424	726
153	688	0	764
117	679	0	774
207	695	0	797
238	230	0	752
0	662	0	738
196	115	0	723
141	84	373	397
131	836	0	779
653	612	345	166
657	284	0	177
217	189	15	786
222	42	0	722
176	588	135	731
250	679	194	809
281	129	168	719
13	741	0	755
185	676	94	757
143	527	157	726
205	173	153	714
191	0	274	696
131	783	594	769
201	660	0	759
0	139	115	725
600	160	357	286
650	633	247	274
132	0	53	754
122	115	387	736
709	701	0	193
452	1005	660	762
0	589	33	770
166	155	0	760
24	0	421	693
111	714	29	799
148	255	218	726
71	759	0	741
14	226	96	715
715	653	445	148
269	0	512	837
199	275	29	726
680	701	0	183
132	757	0	772
133	212	214	328
724	759	347	215
244	796	576	777
30	408	299	634
132	675	0	769
200	448	0	808
128	606	0	770
166	628	379	737
54	737	215	823
245	229	142	761
58	645	47	730
43	794	0	773
673	776	0	225
137	266	262	744
162	245	0	737
75	183	79	745
738	759	0	318
637	12	292	202
235	171	133	744
236	559	215	766
229	771	0	770
163	195	0	718
0	769	0	800
0	790	410	754
239	258	24	758
208	622	213	738
86	210	0	736
125	0	118	763
23	805	808	749
127	247	97	729
20	907	0	775
56	649	395	792
275	37	13	755
171	684	33	752
189	707	121	732
672	626	0	321
408	216	0	676
694	630	0	220
259	0	446	655
259	249	0	722
45	96	0	756
111	205	0	733
103	179	195	738
649	274	141	265
269	41	0	800
0	164	48	727
655	740	0	199
267	76	366	707
0	0	136	726
0	656	92	777
164	224	28	750
0	617	51	745
245	325	190	694
0	833	613	747
690	792	0	185
674	725	249	235
225	308	61	726
152	130	176	730
187	197	0	712
0	777	0	773
17	797	0	767
12	475	0	724
262	0	296	697
0	671	4	751
210	263	168	723
62	746	0	813
0	907	0	779
199	831	0	758
173	686	0	803
222	179	0	715
154	0	166	700
142	118	262	363
116	641	0	756
228	10	590	756
203	22	0	726
208	0	465	737
0	816	0	763
251	309	121	758
165	254	0	702
90	792	0	746
204	676	0	769
0	736	0	797
196	222	191	800
172	562	0	748
230	10	576	704
0	832	140	753
194	248	100	730
198	60	50	697
119	129	0	714
179	0	0	730
48	849	0	800
133	688	573	746
0	636	296	775
220	1	208	708
0	946	0	772
102	95	0	779
92	0	241	400
162	446	201	761
167	803	0	758
155	246	0	721
37	137	272	736
264	0	320	730
259	695	0	750
676	626	0	175
176	643	0	780
656	770	30	270
86	516	108	779
0	875	0	771
88	19	74	736
115	791	0	741
702	702	170	236
171	799	3	773
0	182	0	719
0	805	0	759
682	623	208	292
219	811	0	790
292	696	0	775
222	192	299	708
627	203	232	265
188	581	87	726
34	215	74	715
267	217	352	401
221	175	337	393
141	737	0	755
244	0	559	738
160	151	110	691
137	723	23	759
147	628	0	760
0	794	0	775
149	0	215	777
697	227	96	343
178	716	0	779
211	734	0	809
681	678	0	273
138	152	0	763
154	261	0	728
181	204	312	339
104	670	0	742
117	728	0	751
4	872	112	764
178	149	75	720
0	833	0	762
0	773	493	763
126	165	71	734
167	150	278	693
86	685	0	821
150	0	115	656
59	796	0	775
221	231	102	737
74	250	0	707
184	650	160	784
69	0	595	715
0	818	91	771
24	37	102	751
686	876	0	206
163	3	184	734
153	141	78	777
14	761	30	755
205	727	0	766
0	872	0	778
242	190	262	675
112	804	0	786
105	578	0	754
0	812	34	758
176	692	0	767
217	258	22	747
130	0	86	701
137	0	321	687
232	724	0	779
119	0	135	732
179	8	49	744
183	245	0	715
171	0	398	693
701	11	165	71
194	0	26	762
708	841	30	249
72	219	0	708
70	822	15	740
69	0	57	690
129	538	0	754
149	200	84	740
99	802	0	771
98	84	0	730
693	872	414	209
135	251	0	720
261	792	30	785
186	768	0	787
106	22	0	708
0	774	0	830
669	785	0	275
119	73	0	737
295	101	0	757
240	0	512	776
189	0	449	725
214	679	0	733
68	853	0	767
163	255	37	709
661	175	0	274
0	759	115	739
100	696	0	769
253	194	0	718
151	234	29	730
176	693	0	755
748	707	305	200
275	693	206	725
0	896	0	762
72	785	0	756
183	464	104	763
0	791	335	774
293	242	31	729
19	800	0	809
209	68	140	718
244	0	299	730
282	624	6	808
103	30	109	690
242	0	300	752
673	709	0	242
214	0	225	741
202	206	52	750
91	0	282	739
267	92	243	725
180	642	0	783
110	831	175	724
3	16	117	386
195	73	73	757
2	825	0	810
211	49	0	777
258	731	0	787
0	819	0	754
181	0	240	708
0	742	272	733
689	833	315	80
0	117	80	692
131	444	158	701
685	665	241	277
679	784	0	190
202	354	0	682
0	758	615	733
0	775	0	761
181	0	675	749
105	763	0	797
149	0	570	692
676	766	0	297
0	723	0	746
71	691	13	734
208	512	127	765
64	630	0	748
233	97	1	692
198	205	36	705
238	244	152	636
258	0	257	736
95	733	0	774
663	543	781	0
63	704	0	771
177	102	308	347
0	675	48	780
218	0	185	689
64	0	242	718
649	678	367	110
128	242	0	743
302	162	54	798
156	197	194	726
0	185	128	704
109	215	226	357
0	760	0	766
650	639	0	100
140	680	0	748
115	0	317	345
211	277	213	696
182	304	246	731
38	835	28	762
202	734	0	810
0	827	0	771
196	0	218	727
156	903	0	758
661	744	250	89
240	7	166	708
125	232	0	734
47	769	0	730
0	0	813	526
0	804	0	763
670	716	0	171
251	817	77	811
136	772	4	802
163	75	195	758
182	267	0	737
297	0	429	736
181	385	89	754
164	762	0	787
142	658	115	766
117	30	302	714
675	810	0	203
0	861	18	771
120	810	268	795
694	756	0	267
101	725	0	776
248	0	0	785
720	642	39	341
117	744	0	785
244	301	93	781
63	0	28	722
0	789	0	757
0	817	5	769
253	104	63	707
240	266	63	782
70	750	0	757
157	772	0	784
36	58	60	702
74	679	0	704
181	817	0	771
158	583	0	766
637	0	583	83
199	202	133	708
309	0	199	803
184	739	354	727
0	841	0	756
82	741	0	736
102	643	0	757
120	240	17	764
250	0	635	727
195	296	339	714
660	838	0	318
227	134	493	755
0	677	0	729
266	26	84	747
157	601	366	736
0	262	0	695
655	825	86	277
197	0	0	728
86	0	0	715
118	653	84	780
135	649	0	741
683	813	15	207
234	368	63	706
220	886	0	782
646	808	111	134
209	0	402	698
127	0	238	720
179	238	73	726
